{
  "actions": [
    "ForceAttack|-222.18, 23.85, -208.19|",
    "Wait|0, 0, 0|3000",
    "Interactable|-222.18, 23.85, -208.19|2000159 (Tiny Key)",
    "Interactable|-206.30, 23.47, -208.46|2000160 (Sealed Blasting Door)",
    "MoveTo|-184.08, 24.00, -206.39|",
    "Interactable|0, 0, 0|2000163 (Lift Lever)",
    "Wait|0, 0, 0|10000",
    "MoveTo|-178.09, -6.52, -208.07|",
    "Interactable|51.89, -8.75, -136.52|2000169 (Firesand)",
    "Interactable|52.93, -3.92, -153.77|2000172 (Firesand)",
    "Interactable|43.98, -9.75, -128.93|2001536 (Powder Chamber)",
    "Interactable|42.08, -9.98, -135.22|2000170 (Blasting Device)",
    "Wait|0, 0, 0|2000",
    "Boss|42.98, -9.92, -89.63|",
    "Interactable|42.97, -9.92, -69.18|2000178 (Tiny Key)",
    "Interactable|43.18, -9.92, -58.98|2000173 (Sealed Blasting Door)",
    "TreasureCoffer|63.44, -9.92, -37.99|",
    "MoveTo|56.69, -8.25, 5.91|",
    "Interactable|56.69, -8.25, 5.91|2000175 (Lift Lever)",
    "Wait|0, 0, 0|10000",
    "MoveTo|58.27, -38.69, 11.74|",
    "Wait|92.73, -42.09, 39.41|2000",
    "Interactable|91.78, -42.19, 41.22|2001531 (Firesand)",
    "TreasureCoffer|97.55, -41.64, 70.42|",
    "Wait|19.62, -42.42, 40.48|3000",
    "Interactable|21.70, -42.69, 42.35|2000179 (Firesand)",
    "Interactable|58.89, -38.75, 54.16|2001537 (Powder Chamber)",
    "Interactable|57.48, -38.74, 47.62|2000180 (Blasting Device)",
    "Interactable|38.07, -38.69, 60.38|2001532 (Firesand)",
    "Boss|27.61, -38.00, 113.91|",
    "Interactable|8.15, -38.00, 113.01|2001533 (Firesand)",
    "Interactable|1.84, -37.98, 113.05|2001538 (Powder Chamber)",
    "Interactable|4.85, -38.02, 110.96|2001534 (Blasting Device)",
    "Wait|0, 0, 0|4000",
    "ChatCommand|0, 0, 0|/vbm cfg AIConfig ForbidMovement true",
    "TreasureCoffer|-65.28, -42.00, 167.21|",
    "ChatCommand|-72.26, -38.17, 107.74|/vbm cfg AIConfig ForbidMovement false",
    "Boss|-98.82, -57.88, 6.80|"
  ],
  "meta": {
    "createdAt": 130,
    "changelog": [],
    "notes": []
  }
}
