{
  "actions": [
    "MoveTo|4.35, 41.04, -77.92|",
    "Boss|2.82, 29.55, -17.25|",
    "MoveTo|-8.22, 30.83, -16.46|",
    "Interactable|0, 0, 0|2000061 (Cultist Orb)",
    "Boss|-18.43, 23.41, 26.77|",
    "MoveTo|-23.07, 24.71, 20.42|",
    "Interactable|0, 0, 0|2000062 (Cultist Orb)",
    "MoveTo|-177.97, 13.49, -5.13|",
    "Interactable|0, 0, 0|2000057 (Cultist Rosary)",
    "MoveTo|-104.14, 13.92, 15.52|",
    "Interactable|0, 0, 0|2000060 (Sealed Barrier)",
    "Boss|-93.34, 13.86, 9.51|",
    "MoveTo|-94.66, 14.91, 3.94|",
    "Interactable|0, 0, 0|2000067 (Cultist Orb)",
    "MoveTo|-89.51, 14.90, 13.71|",
    "Interactable|0, 0, 0|2000063 (Cultist Orb)",
    "Wait|0, 0, 0|4000",
    "Boss|-51.88, 14.05, -12.76|",
    "MoveTo|-46.75, 14.05, -15.12|"
  ],
  "meta": {
    "createdAt": 106,
    "changelog": [],
    "notes": []
  }
}
