{
  "actions": [
    "ForceAttack|-222.18, 23.85, -208.19|",
    "Wait|0, 0, 0|3000",
    "MoveTo|-222.18, 23.85, -208.19|",
	"Interactable|0, 0, 0|2000159 (Tiny Key)",
    "MoveTo|-206.30, 23.47, -208.46|",
	"Interactable|0, 0, 0|2000160 (Sealed Blasting Door)",
    "MoveTo|-184.08, 24.00, -206.39|",
	"Interactable|0, 0, 0|2000163 (Lift Lever)",
    "Wait|0, 0, 0|10000",
    "MoveTo|-178.09, -6.52, -208.07|",
    "MoveTo|51.89, -8.75, -136.52|",
	"Interactable|0, 0, 0|2000169 (Firesand)",
    "MoveTo|52.93, -3.92, -153.77|",
	"Interactable|0, 0, 0|2000172 (Firesand)",
    "MoveTo|43.98, -9.75, -128.93|",
	"Interactable|0, 0, 0|2001536 (Powder Chamber)",
    "MoveTo|42.08, -9.98, -135.22|",
	"Interactable|0, 0, 0|2000170 (Blasting Device)",
    "Wait|42.08, -9.98, -135.22|2000",
    "Boss|42.98, -9.92, -89.63|",
    "MoveTo|42.97, -9.92, -69.18|",
	"Interactable|0, 0, 0|2000178 (Tiny Key)",
    "MoveTo|43.18, -9.92, -58.98|",
	"Interactable|0, 0, 0|2000173 (Sealed Blasting Door)",
    "MoveTo|60.90, -9.92, -26.57|",
    "MoveTo|63.44, -9.92, -37.99|",
    "MoveTo|56.69, -8.25, 5.91|",
	"Interactable|0, 0, 0|2000175 (Lift Lever)",
    "Wait|0, 0, 0|10000",
    "MoveTo|58.27, -38.69, 11.74|",
    "Wait|92.73, -42.09, 39.41|2000",
    "MoveTo|91.78, -42.19, 41.22|",
	"Interactable|0, 0, 0|2001531 (Firesand)",
    "Wait|19.62, -42.42, 40.48|3000",
    "MoveTo|21.70, -42.69, 42.35|",
	"Interactable|0, 0, 0|2000179 (Firesand)",
    "MoveTo|58.89, -38.75, 54.16|",
	"Interactable|0, 0, 0|2001537 (Powder Chamber)",
    "MoveTo|57.48, -38.74, 47.62|",
	"Interactable|0, 0, 0|2000180 (Blasting Device)",
    "MoveTo|38.07, -38.69, 60.38|",
	"Interactable|0, 0, 0|2001532 (Firesand)",
    "Boss|27.61, -38.00, 113.91|",
    "MoveTo|8.15, -38.00, 113.01|",
	"Interactable|0, 0, 0|2001533 (Firesand)",
    "MoveTo|1.84, -37.98, 113.05|",
	"Interactable|0, 0, 0|2001538 (Powder Chamber)",
    "MoveTo|4.85, -38.02, 110.96|",
	"Interactable|0, 0, 0|2001534 (Blasting Device)",
    "Wait|0, 0, 0|4000",
    "Boss|-98.82, -57.88, 6.80|"
  ],
  "meta": {
    "createdAt": 106,
    "changelog": [],
    "notes": []
  }
}