{
  "actions": [
    {
      "tag": 0,
      "name": "Boss",
      "position": {
        "X": -112.77,
        "Y": -4.13,
        "Z": 111.97
      },
      "arguments": [
        ""
      ],
      "note": ""
    },
    {
      "tag": 0,
      "name": "Boss",
      "position": {
        "X": -79.82,
        "Y": -8.13,
        "Z": -48.07
      },
      "arguments": [
        ""
      ],
      "note": ""
    },
    {
      "tag": 0,
      "name": "Boss",
      "position": {
        "X": 222.07,
        "Y": -39.29,
        "Z": -144.12
      },
      "arguments": [
        ""
      ],
      "note": ""
    }
  ],
  "interactables": [],
  "meta": {
    "createdAt": 106,
    "changelog": [
      {
        "version": 161,
        "change": "Converted to new JSON Structure"
      },
      {
        "version": 163,
        "change": "Converted to newer JSON Structure"
      },
      {
        "version": 164,
        "change": "Converted to JSON Structure with Tags"
      }
    ],
    "notes": []
  }
}