{
  "actions": [
    {
      "tag": 0,
      "name": "MoveTo",
      "position": {
        "X": 4.35,
        "Y": 41.04,
        "Z": -77.92
      },
      "arguments": [
        ""
      ],
      "note": ""
    },
    {
      "tag": 0,
      "name": "Boss",
      "position": {
        "X": 2.82,
        "Y": 29.55,
        "Z": -17.25
      },
      "arguments": [
        ""
      ],
      "note": ""
    },
    {
      "tag": 0,
      "name": "MoveTo",
      "position": {
        "X": -8.22,
        "Y": 30.83,
        "Z": -16.46
      },
      "arguments": [
        ""
      ],
      "note": ""
    },
    {
      "tag": 0,
      "name": "Interactable",
      "position": {
        "X": 0,
        "Y": 0,
        "Z": 0
      },
      "arguments": [
        "2000061"
      ],
      "note": "Cultist Orb"
    },
    {
      "tag": 0,
      "name": "Boss",
      "position": {
        "X": -18.43,
        "Y": 23.41,
        "Z": 26.77
      },
      "arguments": [
        ""
      ],
      "note": ""
    },
    {
      "tag": 0,
      "name": "MoveTo",
      "position": {
        "X": -23.07,
        "Y": 24.71,
        "Z": 20.42
      },
      "arguments": [
        ""
      ],
      "note": ""
    },
    {
      "tag": 0,
      "name": "Interactable",
      "position": {
        "X": 0,
        "Y": 0,
        "Z": 0
      },
      "arguments": [
        "2000062"
      ],
      "note": "Cultist Orb"
    },
    {
      "tag": 0,
      "name": "MoveTo",
      "position": {
        "X": -177.97,
        "Y": 13.49,
        "Z": -5.13
      },
      "arguments": [
        ""
      ],
      "note": ""
    },
    {
      "tag": 0,
      "name": "Interactable",
      "position": {
        "X": 0,
        "Y": 0,
        "Z": 0
      },
      "arguments": [
        "2000057"
      ],
      "note": "Cultist Rosary"
    },
    {
      "tag": 0,
      "name": "MoveTo",
      "position": {
        "X": -104.14,
        "Y": 13.92,
        "Z": 15.52
      },
      "arguments": [
        ""
      ],
      "note": ""
    },
    {
      "tag": 0,
      "name": "Interactable",
      "position": {
        "X": 0,
        "Y": 0,
        "Z": 0
      },
      "arguments": [
        "2000060"
      ],
      "note": "Sealed Barrier"
    },
    {
      "tag": 0,
      "name": "Boss",
      "position": {
        "X": -93.34,
        "Y": 13.86,
        "Z": 9.51
      },
      "arguments": [
        ""
      ],
      "note": ""
    },
    {
      "tag": 0,
      "name": "MoveTo",
      "position": {
        "X": -94.66,
        "Y": 14.91,
        "Z": 3.94
      },
      "arguments": [
        ""
      ],
      "note": ""
    },
    {
      "tag": 0,
      "name": "Interactable",
      "position": {
        "X": 0,
        "Y": 0,
        "Z": 0
      },
      "arguments": [
        "2000067"
      ],
      "note": "Cultist Orb"
    },
    {
      "tag": 0,
      "name": "MoveTo",
      "position": {
        "X": -89.51,
        "Y": 14.9,
        "Z": 13.71
      },
      "arguments": [
        ""
      ],
      "note": ""
    },
    {
      "tag": 0,
      "name": "Interactable",
      "position": {
        "X": 0,
        "Y": 0,
        "Z": 0
      },
      "arguments": [
        "2000063"
      ],
      "note": "Cultist Orb"
    },
    {
      "tag": 0,
      "name": "Wait",
      "position": {
        "X": 0,
        "Y": 0,
        "Z": 0
      },
      "arguments": [
        "4000"
      ],
      "note": ""
    },
    {
      "tag": 0,
      "name": "Boss",
      "position": {
        "X": -51.88,
        "Y": 14.05,
        "Z": -12.76
      },
      "arguments": [
        ""
      ],
      "note": ""
    },
    {
      "tag": 0,
      "name": "MoveTo",
      "position": {
        "X": -46.75,
        "Y": 14.05,
        "Z": -15.12
      },
      "arguments": [
        ""
      ],
      "note": ""
    }
  ],
  "interactables": [],
  "meta": {
    "createdAt": 106,
    "changelog": [
      {
        "version": 161,
        "change": "Converted to new JSON Structure"
      },
      {
        "version": 163,
        "change": "Converted to newer JSON Structure"
      },
      {
        "version": 164,
        "change": "Converted to JSON Structure with Tags"
      }
    ],
    "notes": []
  }
}