{
  "actions": [
    {
      "tag": 0,
      "name": "DutySpecificCode",
      "position": {
        "X": 347.75,
        "Y": 44.14,
        "Z": -223.21
      },
      "arguments": [
        "1"
      ],
      "note": ""
    },
    {
      "tag": 5,
      "name": "TreasureCoffer",
      "position": {
        "X": 132.58,
        "Y": 27.83,
        "Z": -100.06
      },
      "arguments": [
        ""
      ],
      "note": ""
    },
    {
      "tag": 0,
      "name": "DutySpecificCode",
      "position": {
        "X": 90.26,
        "Y": 27.2,
        "Z": -56.04
      },
      "arguments": [
        "2"
      ],
      "note": ""
    },
    {
      "tag": 0,
      "name": "DutySpecificCode",
      "position": {
        "X": 0,
        "Y": 0,
        "Z": 0
      },
      "arguments": [
        "3"
      ],
      "note": ""
    },
    {
      "tag": 0,
      "name": "Boss",
      "position": {
        "X": 71.8,
        "Y": 30.37,
        "Z": -44.91
      },
      "arguments": [
        ""
      ],
      "note": ""
    },
    {
      "tag": 0,
      "name": "Interactable",
      "position": {
        "X": 0,
        "Y": 0,
        "Z": 0
      },
      "arguments": [
        "2000216"
      ],
      "note": "Inconspicuous Switch"
    },
    {
      "tag": 0,
      "name": "Boss",
      "position": {
        "X": -27.17,
        "Y": 22.86,
        "Z": 56.34
      },
      "arguments": [
        ""
      ],
      "note": ""
    },
    {
      "tag": 0,
      "name": "Interactable",
      "position": {
        "X": -91.82,
        "Y": 13.84,
        "Z": 145.88
      },
      "arguments": [
        "2000250"
      ],
      "note": "Captain\u0027s Quarters Key"
    },
    {
      "tag": 3,
      "name": "\u003C-- Comment --\u003E",
      "position": {
        "X": 0,
        "Y": 0,
        "Z": 0
      },
      "arguments": [
        ""
      ],
      "note": "\u003C-- Below line is a temporary bandaid until Issue #409 is implemented --\u003E"
    },
    {
      "tag": 0,
      "name": "ConditionAction",
      "position": {
        "X": -95.1,
        "Y": 19.9,
        "Z": 171.1
      },
      "arguments": [
        "ItemCount;2000512;\u003C;1\u0026ModifyIndex;7"
      ],
      "note": ""
    },
    {
      "tag": 0,
      "name": "Interactable",
      "position": {
        "X": -95.1,
        "Y": 19.9,
        "Z": 171.1
      },
      "arguments": [
        "2000227"
      ],
      "note": "Captain\u0027s Quarters"
    },
    {
      "tag": 0,
      "name": "Interactable",
      "position": {
        "X": -95.15,
        "Y": 20.01,
        "Z": 190.03
      },
      "arguments": [
        "2000255"
      ],
      "note": "Waverider Gate Key"
    },
    {
      "tag": 3,
      "name": "\u003C-- Comment --\u003E",
      "position": {
        "X": 0,
        "Y": 0,
        "Z": 0
      },
      "arguments": [
        ""
      ],
      "note": "\u003C-- Below line is a temporary bandaid until Issue #409 is implemented --\u003E"
    },
    {
      "tag": 0,
      "name": "ConditionAction",
      "position": {
        "X": 0,
        "Y": 0,
        "Z": 0
      },
      "arguments": [
        "ItemCount;2000513;\u003C;1\u0026ModifyIndex;11"
      ],
      "note": ""
    },
    {
      "tag": 0,
      "name": "Interactable",
      "position": {
        "X": -129.54,
        "Y": 16.3,
        "Z": 156.32
      },
      "arguments": [
        "2000231"
      ],
      "note": "Waverider Gate"
    },
    {
      "tag": 0,
      "name": "Boss",
      "position": {
        "X": -183.12,
        "Y": 6.38,
        "Z": 244.52
      },
      "arguments": [
        ""
      ],
      "note": ""
    },
    {
      "tag": 0,
      "name": "Boss",
      "position": {
        "X": -332.47,
        "Y": 5.57,
        "Z": 317.23
      },
      "arguments": [
        ""
      ],
      "note": ""
    }
  ],
  "interactables": [],
  "meta": {
    "createdAt": 122,
    "changelog": [
      {
        "version": 132,
        "change": ""
      },
      {
        "version": 161,
        "change": "Converted to new JSON Structure"
      },
      {
        "version": 163,
        "change": "Converted to newer JSON Structure"
      },
      {
        "version": 164,
        "change": "Converted to JSON Structure with Tags"
      }
    ],
    "notes": []
  }
}