{
  "actions": [
    {
      "tag": 0,
      "name": "ForceAttack",
      "position": {
        "X": -222.18,
        "Y": 23.85,
        "Z": -208.19
      },
      "arguments": [
        ""
      ],
      "note": ""
    },
    {
      "tag": 0,
      "name": "Wait",
      "position": {
        "X": 0,
        "Y": 0,
        "Z": 0
      },
      "arguments": [
        "3000"
      ],
      "note": ""
    },
    {
      "tag": 0,
      "name": "Interactable",
      "position": {
        "X": -222.18,
        "Y": 23.85,
        "Z": -208.19
      },
      "arguments": [
        "2000159"
      ],
      "note": "Tiny Key"
    },
    {
      "tag": 0,
      "name": "Interactable",
      "position": {
        "X": -206.3,
        "Y": 23.47,
        "Z": -208.46
      },
      "arguments": [
        "2000160"
      ],
      "note": "Sealed Blasting Door"
    },
    {
      "tag": 0,
      "name": "MoveTo",
      "position": {
        "X": -184.08,
        "Y": 24,
        "Z": -206.39
      },
      "arguments": [
        ""
      ],
      "note": ""
    },
    {
      "tag": 0,
      "name": "Interactable",
      "position": {
        "X": 0,
        "Y": 0,
        "Z": 0
      },
      "arguments": [
        "2000163"
      ],
      "note": "Lift Lever"
    },
    {
      "tag": 0,
      "name": "Wait",
      "position": {
        "X": 0,
        "Y": 0,
        "Z": 0
      },
      "arguments": [
        "10000"
      ],
      "note": ""
    },
    {
      "tag": 0,
      "name": "MoveTo",
      "position": {
        "X": -178.09,
        "Y": -6.52,
        "Z": -208.07
      },
      "arguments": [
        ""
      ],
      "note": ""
    },
    {
      "tag": 0,
      "name": "Interactable",
      "position": {
        "X": 51.89,
        "Y": -8.75,
        "Z": -136.52
      },
      "arguments": [
        "2000169"
      ],
      "note": "Firesand"
    },
    {
      "tag": 0,
      "name": "Interactable",
      "position": {
        "X": 52.93,
        "Y": -3.92,
        "Z": -153.77
      },
      "arguments": [
        "2000172"
      ],
      "note": "Firesand"
    },
    {
      "tag": 0,
      "name": "Interactable",
      "position": {
        "X": 43.98,
        "Y": -9.75,
        "Z": -128.93
      },
      "arguments": [
        "2001536"
      ],
      "note": "Powder Chamber"
    },
    {
      "tag": 0,
      "name": "Interactable",
      "position": {
        "X": 42.08,
        "Y": -9.98,
        "Z": -135.22
      },
      "arguments": [
        "2000170"
      ],
      "note": "Blasting Device"
    },
    {
      "tag": 0,
      "name": "Wait",
      "position": {
        "X": 0,
        "Y": 0,
        "Z": 0
      },
      "arguments": [
        "2000"
      ],
      "note": ""
    },
    {
      "tag": 0,
      "name": "Boss",
      "position": {
        "X": 42.98,
        "Y": -9.92,
        "Z": -89.63
      },
      "arguments": [
        ""
      ],
      "note": ""
    },
    {
      "tag": 0,
      "name": "Interactable",
      "position": {
        "X": 42.97,
        "Y": -9.92,
        "Z": -69.18
      },
      "arguments": [
        "2000178"
      ],
      "note": "Tiny Key"
    },
    {
      "tag": 0,
      "name": "Interactable",
      "position": {
        "X": 43.18,
        "Y": -9.92,
        "Z": -58.98
      },
      "arguments": [
        "2000173"
      ],
      "note": "Sealed Blasting Door"
    },
    {
      "tag": 5,
      "name": "TreasureCoffer",
      "position": {
        "X": 63.44,
        "Y": -9.92,
        "Z": -37.99
      },
      "arguments": [
        ""
      ],
      "note": ""
    },
    {
      "tag": 0,
      "name": "MoveTo",
      "position": {
        "X": 56.69,
        "Y": -8.25,
        "Z": 5.91
      },
      "arguments": [
        ""
      ],
      "note": ""
    },
    {
      "tag": 0,
      "name": "Interactable",
      "position": {
        "X": 56.69,
        "Y": -8.25,
        "Z": 5.91
      },
      "arguments": [
        "2000175"
      ],
      "note": "Lift Lever"
    },
    {
      "tag": 0,
      "name": "Wait",
      "position": {
        "X": 0,
        "Y": 0,
        "Z": 0
      },
      "arguments": [
        "10000"
      ],
      "note": ""
    },
    {
      "tag": 0,
      "name": "MoveTo",
      "position": {
        "X": 58.27,
        "Y": -38.69,
        "Z": 11.74
      },
      "arguments": [
        ""
      ],
      "note": ""
    },
    {
      "tag": 0,
      "name": "Wait",
      "position": {
        "X": 92.73,
        "Y": -42.09,
        "Z": 39.41
      },
      "arguments": [
        "2000"
      ],
      "note": ""
    },
    {
      "tag": 0,
      "name": "Interactable",
      "position": {
        "X": 91.78,
        "Y": -42.19,
        "Z": 41.22
      },
      "arguments": [
        "2001531"
      ],
      "note": "Firesand"
    },
    {
      "tag": 5,
      "name": "TreasureCoffer",
      "position": {
        "X": 97.55,
        "Y": -41.64,
        "Z": 70.42
      },
      "arguments": [
        ""
      ],
      "note": ""
    },
    {
      "tag": 0,
      "name": "Wait",
      "position": {
        "X": 19.62,
        "Y": -42.42,
        "Z": 40.48
      },
      "arguments": [
        "3000"
      ],
      "note": ""
    },
    {
      "tag": 0,
      "name": "Interactable",
      "position": {
        "X": 21.7,
        "Y": -42.69,
        "Z": 42.35
      },
      "arguments": [
        "2000179"
      ],
      "note": "Firesand"
    },
    {
      "tag": 0,
      "name": "Interactable",
      "position": {
        "X": 58.89,
        "Y": -38.75,
        "Z": 54.16
      },
      "arguments": [
        "2001537"
      ],
      "note": "Powder Chamber"
    },
    {
      "tag": 0,
      "name": "Interactable",
      "position": {
        "X": 57.48,
        "Y": -38.74,
        "Z": 47.62
      },
      "arguments": [
        "2000180"
      ],
      "note": "Blasting Device"
    },
    {
      "tag": 0,
      "name": "Interactable",
      "position": {
        "X": 38.07,
        "Y": -38.69,
        "Z": 60.38
      },
      "arguments": [
        "2001532"
      ],
      "note": "Firesand"
    },
    {
      "tag": 0,
      "name": "Boss",
      "position": {
        "X": 27.61,
        "Y": -38,
        "Z": 113.91
      },
      "arguments": [
        ""
      ],
      "note": ""
    },
    {
      "tag": 0,
      "name": "Interactable",
      "position": {
        "X": 8.15,
        "Y": -38,
        "Z": 113.01
      },
      "arguments": [
        "2001533"
      ],
      "note": "Firesand"
    },
    {
      "tag": 0,
      "name": "Interactable",
      "position": {
        "X": 1.84,
        "Y": -37.98,
        "Z": 113.05
      },
      "arguments": [
        "2001538"
      ],
      "note": "Powder Chamber"
    },
    {
      "tag": 0,
      "name": "Interactable",
      "position": {
        "X": 4.85,
        "Y": -38.02,
        "Z": 110.96
      },
      "arguments": [
        "2001534"
      ],
      "note": "Blasting Device"
    },
    {
      "tag": 0,
      "name": "Wait",
      "position": {
        "X": 0,
        "Y": 0,
        "Z": 0
      },
      "arguments": [
        "4000"
      ],
      "note": ""
    },
    {
      "tag": 0,
      "name": "ChatCommand",
      "position": {
        "X": 0,
        "Y": 0,
        "Z": 0
      },
      "arguments": [
        "/vbm cfg AIConfig ForbidMovement true"
      ],
      "note": ""
    },
    {
      "tag": 5,
      "name": "TreasureCoffer",
      "position": {
        "X": -65.28,
        "Y": -42,
        "Z": 167.21
      },
      "arguments": [
        ""
      ],
      "note": ""
    },
    {
      "tag": 0,
      "name": "ChatCommand",
      "position": {
        "X": -72.26,
        "Y": -38.17,
        "Z": 107.74
      },
      "arguments": [
        "/vbm cfg AIConfig ForbidMovement false"
      ],
      "note": ""
    },
    {
      "tag": 0,
      "name": "Boss",
      "position": {
        "X": -98.82,
        "Y": -57.88,
        "Z": 6.8
      },
      "arguments": [
        ""
      ],
      "note": ""
    }
  ],
  "interactables": [],
  "meta": {
    "createdAt": 130,
    "changelog": [
      {
        "version": 161,
        "change": "Converted to new JSON Structure"
      },
      {
        "version": 163,
        "change": "Converted to newer JSON Structure"
      },
      {
        "version": 164,
        "change": "Converted to JSON Structure with Tags"
      }
    ],
    "notes": []
  }
}