{
  "actions": [
    "MoveTo|70.33, 0, 29.12|",
    "Wait|64.87, 0.00, 30.58|500",
    "Interactable|0, 0, 0|2000302 (Tiny Key)",
    "MoveTo|0.58, -0.00, 57.20|",
    "Interactable|0, 0, 0|2000329 (Locked Door)",
    "MoveTo|-26.22, 0, 50.81|",
    "Interactable|0, 0, 0|2000303 (Tiny Key)",
    "MoveTo|-35.94, 0.00, 75.39|",
    "MoveTo|-36.03, 0.00, 0.43|",
    "Boss|7.83, 0, 0.06|",
    "MoveTo|11.04, 0.00, 0.02|",
    "Interactable|0, 0, 0|2000324 (Green Key)",
    "MoveTo|-47.79, -0.00, 0.06|",
    "Interactable|0, 0, 0|2000355 (Ivy Door)",
    "MoveTo|-51.84, -0.00, 12.88|",
    "AutoMoveFor|-60.04, -0.00, 12.65|1500",
    "MoveTo|-0.19, -18.80, 33.91|",
    "Interactable|0, 0, 0|2000343 (Locked Door)",
    "MoveTo|-12.14, -18.79, 51.88|",
    "Interactable|0, 0, 0|2000325 (Yellow Key)",
    "MoveTo|-1.74, -18.80, 24.97|",
    "AutoMoveFor|-11.65, -18.80, 24.69|2000",
    "MoveTo|-26.07, -18.80, 1.81|",
    "Interactable|0, 0, 0|2000356 (Carnation Door)",
    "Boss|14.58, -18.67, 0.05|",
    "Wait|0, 0, 0|4000",
    "Interactable|0, 0, 0|2001235 (Bloody Parchment)",
    "MoveTo|14.57, -18.68, -0.02|",
    "Interactable|0, 0, 0|2012969 (Aetherial Flow)",
    "MoveTo|46.69, 9.87, -0.08|",
    "Interactable|0, 0, 0|2001233 (Sealed Barrier)",
    "Wait|22.76, 17, -0.24|5000",
    "Boss|-10.65, 17, -0.01|"
  ],
  "meta": {
    "createdAt": 106,
    "changelog": [],
    "notes": []
  }
}
