{
  "actions": [
    {
      "tag": 0,
      "name": "Boss",
      "position": {
        "X": -0.05,
        "Y": 0.01,
        "Z": 116.13
      },
      "arguments": [
        ""
      ],
      "note": ""
    },
    {
      "tag": 5,
      "name": "TreasureCoffer",
      "position": {
        "X": 55.03,
        "Y": 5,
        "Z": 53.1
      },
      "arguments": [
        ""
      ],
      "note": ""
    },
    {
      "tag": 5,
      "name": "TreasureCoffer",
      "position": {
        "X": -8.24,
        "Y": 0,
        "Z": -20.11
      },
      "arguments": [
        ""
      ],
      "note": ""
    },
    {
      "tag": 0,
      "name": "Boss",
      "position": {
        "X": 46.11,
        "Y": 4,
        "Z": -80.16
      },
      "arguments": [
        ""
      ],
      "note": ""
    },
    {
      "tag": 0,
      "name": "ConditionAction",
      "position": {
        "X": 0,
        "Y": 0,
        "Z": 0
      },
      "arguments": [
        "ObjectData;2001879;EventState;0\u0026ModifyIndex;3"
      ],
      "note": ""
    },
    {
      "tag": 5,
      "name": "TreasureCoffer",
      "position": {
        "X": -22.39,
        "Y": 0.05,
        "Z": -142.12
      },
      "arguments": [
        ""
      ],
      "note": ""
    },
    {
      "tag": 0,
      "name": "Interactable",
      "position": {
        "X": 0,
        "Y": 4,
        "Z": -214.98
      },
      "arguments": [
        "2001880"
      ],
      "note": "Strongroom Gate"
    },
    {
      "tag": 0,
      "name": "Boss",
      "position": {
        "X": 0.05,
        "Y": 0.04,
        "Z": -247.95
      },
      "arguments": [
        ""
      ],
      "note": ""
    }
  ],
  "interactables": [],
  "meta": {
    "createdAt": 106,
    "changelog": [
      {
        "version": 131,
        "change": ""
      },
      {
        "version": 131,
        "change": "added TreasureCoffers"
      },
      {
        "version": 161,
        "change": "Converted to new JSON Structure"
      },
      {
        "version": 163,
        "change": "Converted to newer JSON Structure"
      },
      {
        "version": 164,
        "change": "Converted to JSON Structure with Tags"
      }
    ],
    "notes": []
  }
}