{
  "actions": [
    "MoveTo|21.82, 7.10, 27.40|",
	"PausePandora|0, 0, 0|Auto-interact with Objects in Instances|5000",
	"Interactable|0, 0, 0|1004346 (Goblin Pathfinder)",
    "MoveTo|105.56, -0.13, 12.14|",
	"Interactable|0, 0, 0|2001462 (Runstop Headgate)",
    "Boss|112.59, -2.44, -12.91|",
    "Boss|-5.17, 5.74, -83.51|",
    "Boss|-107.99, -2.38, -26.81|",
    "MoveTo|-90.04, 10.93, -95.78|",
	"Interactable|0, 0, 0|2001466 (Longstop Gutgate)",
    "Boss|-27.24, 35.5, -236.09|"
  ],
  "meta": {
    "createdAt": 106,
    "changelog": [],
    "notes": []
  }
}