{
  "actions": [
    {
      "tag": 0,
      "name": "MoveTo",
      "position": {
        "X": 70.33,
        "Y": 0,
        "Z": 29.12
      },
      "arguments": [
        ""
      ],
      "note": ""
    },
    {
      "tag": 0,
      "name": "Wait",
      "position": {
        "X": 64.87,
        "Y": 0,
        "Z": 30.58
      },
      "arguments": [
        "500"
      ],
      "note": ""
    },
    {
      "tag": 0,
      "name": "Interactable",
      "position": {
        "X": 0,
        "Y": 0,
        "Z": 0
      },
      "arguments": [
        "2000302"
      ],
      "note": "Tiny Key"
    },
    {
      "tag": 0,
      "name": "MoveTo",
      "position": {
        "X": 0.58,
        "Y": -0,
        "Z": 57.2
      },
      "arguments": [
        ""
      ],
      "note": ""
    },
    {
      "tag": 0,
      "name": "Interactable",
      "position": {
        "X": 0,
        "Y": 0,
        "Z": 0
      },
      "arguments": [
        "2000329"
      ],
      "note": "Locked Door"
    },
    {
      "tag": 0,
      "name": "MoveTo",
      "position": {
        "X": -26.22,
        "Y": 0,
        "Z": 50.81
      },
      "arguments": [
        ""
      ],
      "note": ""
    },
    {
      "tag": 0,
      "name": "Interactable",
      "position": {
        "X": 0,
        "Y": 0,
        "Z": 0
      },
      "arguments": [
        "2000303"
      ],
      "note": "Tiny Key"
    },
    {
      "tag": 0,
      "name": "MoveTo",
      "position": {
        "X": -35.94,
        "Y": 0,
        "Z": 75.39
      },
      "arguments": [
        ""
      ],
      "note": ""
    },
    {
      "tag": 0,
      "name": "MoveTo",
      "position": {
        "X": -36.03,
        "Y": 0,
        "Z": 0.43
      },
      "arguments": [
        ""
      ],
      "note": ""
    },
    {
      "tag": 0,
      "name": "Boss",
      "position": {
        "X": 7.83,
        "Y": 0,
        "Z": 0.06
      },
      "arguments": [
        ""
      ],
      "note": ""
    },
    {
      "tag": 0,
      "name": "MoveTo",
      "position": {
        "X": 11.04,
        "Y": 0,
        "Z": 0.02
      },
      "arguments": [
        ""
      ],
      "note": ""
    },
    {
      "tag": 0,
      "name": "Interactable",
      "position": {
        "X": 0,
        "Y": 0,
        "Z": 0
      },
      "arguments": [
        "2000324"
      ],
      "note": "Green Key"
    },
    {
      "tag": 0,
      "name": "MoveTo",
      "position": {
        "X": -47.79,
        "Y": -0,
        "Z": 0.06
      },
      "arguments": [
        ""
      ],
      "note": ""
    },
    {
      "tag": 0,
      "name": "Interactable",
      "position": {
        "X": 0,
        "Y": 0,
        "Z": 0
      },
      "arguments": [
        "2000355"
      ],
      "note": "Ivy Door"
    },
    {
      "tag": 0,
      "name": "MoveTo",
      "position": {
        "X": -51.84,
        "Y": -0,
        "Z": 12.88
      },
      "arguments": [
        ""
      ],
      "note": ""
    },
    {
      "tag": 0,
      "name": "AutoMoveFor",
      "position": {
        "X": -60.04,
        "Y": -0,
        "Z": 12.65
      },
      "arguments": [
        "1500"
      ],
      "note": ""
    },
    {
      "tag": 0,
      "name": "MoveTo",
      "position": {
        "X": -0.19,
        "Y": -18.8,
        "Z": 33.91
      },
      "arguments": [
        ""
      ],
      "note": ""
    },
    {
      "tag": 0,
      "name": "Interactable",
      "position": {
        "X": 0,
        "Y": 0,
        "Z": 0
      },
      "arguments": [
        "2000343"
      ],
      "note": "Locked Door"
    },
    {
      "tag": 0,
      "name": "MoveTo",
      "position": {
        "X": -12.14,
        "Y": -18.79,
        "Z": 51.88
      },
      "arguments": [
        ""
      ],
      "note": ""
    },
    {
      "tag": 0,
      "name": "Interactable",
      "position": {
        "X": 0,
        "Y": 0,
        "Z": 0
      },
      "arguments": [
        "2000325"
      ],
      "note": "Yellow Key"
    },
    {
      "tag": 0,
      "name": "MoveTo",
      "position": {
        "X": -1.74,
        "Y": -18.8,
        "Z": 24.97
      },
      "arguments": [
        ""
      ],
      "note": ""
    },
    {
      "tag": 0,
      "name": "AutoMoveFor",
      "position": {
        "X": -11.65,
        "Y": -18.8,
        "Z": 24.69
      },
      "arguments": [
        "2000"
      ],
      "note": ""
    },
    {
      "tag": 0,
      "name": "MoveTo",
      "position": {
        "X": -26.07,
        "Y": -18.8,
        "Z": 1.81
      },
      "arguments": [
        ""
      ],
      "note": ""
    },
    {
      "tag": 0,
      "name": "Interactable",
      "position": {
        "X": 0,
        "Y": 0,
        "Z": 0
      },
      "arguments": [
        "2000356"
      ],
      "note": "Carnation Door"
    },
    {
      "tag": 0,
      "name": "Boss",
      "position": {
        "X": 14.58,
        "Y": -18.67,
        "Z": 0.05
      },
      "arguments": [
        ""
      ],
      "note": ""
    },
    {
      "tag": 0,
      "name": "Wait",
      "position": {
        "X": 0,
        "Y": 0,
        "Z": 0
      },
      "arguments": [
        "4000"
      ],
      "note": ""
    },
    {
      "tag": 0,
      "name": "Interactable",
      "position": {
        "X": 0,
        "Y": 0,
        "Z": 0
      },
      "arguments": [
        "2001235"
      ],
      "note": "Bloody Parchment"
    },
    {
      "tag": 0,
      "name": "MoveTo",
      "position": {
        "X": 14.57,
        "Y": -18.68,
        "Z": -0.02
      },
      "arguments": [
        ""
      ],
      "note": ""
    },
    {
      "tag": 0,
      "name": "Interactable",
      "position": {
        "X": 0,
        "Y": 0,
        "Z": 0
      },
      "arguments": [
        "2012969"
      ],
      "note": "Aetherial Flow"
    },
    {
      "tag": 0,
      "name": "MoveTo",
      "position": {
        "X": 46.69,
        "Y": 9.87,
        "Z": -0.08
      },
      "arguments": [
        ""
      ],
      "note": ""
    },
    {
      "tag": 0,
      "name": "Interactable",
      "position": {
        "X": 0,
        "Y": 0,
        "Z": 0
      },
      "arguments": [
        "2001233"
      ],
      "note": "Sealed Barrier"
    },
    {
      "tag": 0,
      "name": "Wait",
      "position": {
        "X": 22.76,
        "Y": 17,
        "Z": -0.24
      },
      "arguments": [
        "5000"
      ],
      "note": ""
    },
    {
      "tag": 0,
      "name": "Boss",
      "position": {
        "X": -10.65,
        "Y": 17,
        "Z": -0.01
      },
      "arguments": [
        ""
      ],
      "note": ""
    }
  ],
  "interactables": [],
  "meta": {
    "createdAt": 106,
    "changelog": [
      {
        "version": 161,
        "change": "Converted to new JSON Structure"
      },
      {
        "version": 163,
        "change": "Converted to newer JSON Structure"
      },
      {
        "version": 164,
        "change": "Converted to JSON Structure with Tags"
      }
    ],
    "notes": []
  }
}