{
  "actions": [
    {
      "tag": 0,
      "name": "Interactable",
      "position": {
        "X": 196.44,
        "Y": 186,
        "Z": -5.37
      },
      "arguments": [
        "2012811"
      ],
      "note": "Magitek Terminal"
    },
    {
      "tag": 0,
      "name": "MoveTo",
      "position": {
        "X": 226.77,
        "Y": 156,
        "Z": 1.32
      },
      "arguments": [
        ""
      ],
      "note": ""
    },
    {
      "tag": 0,
      "name": "Interactable",
      "position": {
        "X": 172.81,
        "Y": 156,
        "Z": -25.49
      },
      "arguments": [
        "2012813"
      ],
      "note": "Magitek Transporter"
    },
    {
      "tag": 0,
      "name": "Boss",
      "position": {
        "X": 191.97,
        "Y": 76,
        "Z": 0.02
      },
      "arguments": [
        ""
      ],
      "note": ""
    },
    {
      "tag": 0,
      "name": "Interactable",
      "position": {
        "X": 174.78,
        "Y": 76,
        "Z": 3.76
      },
      "arguments": [
        "2012815"
      ],
      "note": "Magitek Terminal"
    },
    {
      "tag": 0,
      "name": "DutySpecificCode",
      "position": {
        "X": 174.68,
        "Y": 102,
        "Z": -66.46
      },
      "arguments": [
        "1"
      ],
      "note": ""
    },
    {
      "tag": 0,
      "name": "MoveTo",
      "position": {
        "X": 241.73,
        "Y": 66.38,
        "Z": 86.07
      },
      "arguments": [
        ""
      ],
      "note": ""
    },
    {
      "tag": 0,
      "name": "AutoMoveFor",
      "position": {
        "X": 237.91,
        "Y": 68.03,
        "Z": 79.14
      },
      "arguments": [
        "10000"
      ],
      "note": ""
    },
    {
      "tag": 0,
      "name": "WaitFor",
      "position": {
        "X": 83.61,
        "Y": -107.99,
        "Z": -31.14
      },
      "arguments": [
        "Combat"
      ],
      "note": ""
    },
    {
      "tag": 0,
      "name": "MoveTo",
      "position": {
        "X": 84.45,
        "Y": -107.89,
        "Z": -72.12
      },
      "arguments": [
        ""
      ],
      "note": ""
    },
    {
      "tag": 0,
      "name": "WaitFor",
      "position": {
        "X": 51,
        "Y": -107.99,
        "Z": -72.18
      },
      "arguments": [
        "Combat"
      ],
      "note": ""
    },
    {
      "tag": 0,
      "name": "WaitFor",
      "position": {
        "X": -24.32,
        "Y": -104,
        "Z": 0.08
      },
      "arguments": [
        "Combat"
      ],
      "note": ""
    },
    {
      "tag": 0,
      "name": "WaitFor",
      "position": {
        "X": -24.32,
        "Y": -104,
        "Z": 0.08
      },
      "arguments": [
        "Combat"
      ],
      "note": ""
    },
    {
      "tag": 0,
      "name": "StopForCombat",
      "position": {
        "X": -24.32,
        "Y": -104,
        "Z": 0.08
      },
      "arguments": [
        "false"
      ],
      "note": ""
    },
    {
      "tag": 0,
      "name": "WaitFor",
      "position": {
        "X": -60.12,
        "Y": -103.94,
        "Z": 0.06
      },
      "arguments": [
        "Combat"
      ],
      "note": ""
    },
    {
      "tag": 0,
      "name": "StopForCombat",
      "position": {
        "X": 0,
        "Y": 0,
        "Z": 0
      },
      "arguments": [
        "true"
      ],
      "note": ""
    },
    {
      "tag": 0,
      "name": "Wait",
      "position": {
        "X": 0,
        "Y": 0,
        "Z": 0
      },
      "arguments": [
        "1"
      ],
      "note": ""
    },
    {
      "tag": 0,
      "name": "WaitFor",
      "position": {
        "X": 0,
        "Y": 0,
        "Z": 0
      },
      "arguments": [
        "IsReady"
      ],
      "note": ""
    },
    {
      "tag": 0,
      "name": "MoveTo",
      "position": {
        "X": -83.86,
        "Y": -103.94,
        "Z": -0.08
      },
      "arguments": [
        "false"
      ],
      "note": ""
    },
    {
      "tag": 0,
      "name": "DutySpecificCode",
      "position": {
        "X": 0,
        "Y": 0,
        "Z": 0
      },
      "arguments": [
        "2"
      ],
      "note": ""
    },
    {
      "tag": 0,
      "name": "Boss",
      "position": {
        "X": -164.13,
        "Y": -104.4,
        "Z": -0.09
      },
      "arguments": [
        ""
      ],
      "note": ""
    },
    {
      "tag": 0,
      "name": "MoveTo",
      "position": {
        "X": -202.18,
        "Y": -103.91,
        "Z": -0.61
      },
      "arguments": [
        ""
      ],
      "note": ""
    },
    {
      "tag": 0,
      "name": "MoveTo",
      "position": {
        "X": -210.61,
        "Y": -103.99,
        "Z": -0.63
      },
      "arguments": [
        "false"
      ],
      "note": ""
    },
    {
      "tag": 0,
      "name": "Interactable",
      "position": {
        "X": -238.41,
        "Y": -104,
        "Z": -19.2
      },
      "arguments": [
        "2012817"
      ],
      "note": "Magitek Terminal"
    },
    {
      "tag": 0,
      "name": "WaitFor",
      "position": {
        "X": 0,
        "Y": 0,
        "Z": 0
      },
      "arguments": [
        "IsReady"
      ],
      "note": ""
    },
    {
      "tag": 0,
      "name": "Boss",
      "position": {
        "X": -566.27,
        "Y": -268,
        "Z": 219.83
      },
      "arguments": [
        ""
      ],
      "note": ""
    },
    {
      "tag": 0,
      "name": "WaitFor",
      "position": {
        "X": 0,
        "Y": 0,
        "Z": 0
      },
      "arguments": [
        "IsReady"
      ],
      "note": ""
    }
  ],
  "interactables": [],
  "meta": {
    "createdAt": 106,
    "changelog": [
      {
        "version": 114,
        "change": "Added ForceAttack for Cermet Door as fallback (No DutySpecCode) and Added a Wait and MoveTo before final boss to prevent leaving early."
      },
      {
        "version": 135,
        "change": "Added Duty Specific Code for Magitek stage"
      },
      {
        "version": 161,
        "change": "Converted to new JSON Structure"
      },
      {
        "version": 163,
        "change": "Converted to newer JSON Structure"
      },
      {
        "version": 164,
        "change": "Converted to JSON Structure with Tags"
      }
    ],
    "notes": []
  }
}