{
  "actions": [
    "Boss|124.01, 303.00, -90.50|",
    "MoveTo|123.91, 303.40, -126.47|",
    "MoveTo|123.78, 305.60, -146.80|",
    "Interactable|0, 0, 0|2012779 (Salt-encrusted Teleporter)",
    "Wait|0, 0, 0|5000",
    "MoveTo|59.25, 0.00, 111.07|",
    "MoveTo|-13.01, 0.00, -22.66|",
    "MoveTo|0.06, -5.43, -123.27|",
    "AutoMoveFor|0.02, -8.00, -132.09|3000",
    "Boss|-0.11, -16.00, -182.38|",
    "MoveTo|0.03, -16.00, -195.45|",
    "AutoMoveFor|-0.10, -18.74, -243.90|9000",
    "MoveTo|-27.00, -350.10, -25.41|",
    "MoveTo|116.09, -350.10, 6.24|",
    "Boss|109.94, -350.00, -67.31|",
    "MoveTo|109.81, -350.00, -79.08|"
  ],
  "meta": {
    "createdAt": 106,
    "changelog": [],
    "notes": []
  }
}