{
  "actions": [
    "MoveTo|-0.32, 30.00, 769.43|",
    "Boss|1.38, 20.00, 717.05|",
    "MoveTo|-0.35, 20.00, 681.23|",
    "MoveTo|76.33, 22.00, 539.96|",
    "Boss|76.33, 22.00, 539.96|",
    "MoveTo|160.80, 30.00, 388.78|",
    "Boss|-16.01, 475.57, 283.56|",
    "MoveTo|-16.09, 475.35, 257.42|",
    "Interactable|-16.09, 475.35, 257.42|2012826 (Flame-wreathed Portal)",
    "MoveTo|-675.80, -950.00, -583.88|",
    "Boss|-674.90, -950.00, -583.49|",
    "MoveTo|-750.21, -932.00, -722.57|",
    "Boss|-750.21, -932.00, -722.57|",
    "MoveTo|-750.19, -938.00, -898.74|",
    "MoveTo|-750.10, -938.00, -902.85|",
    "Boss|749.70, -932.00, -729.71|"
  ],
  "meta": {
    "createdAt": 115,
    "changelog": [],
    "notes": []
  }
}