{
  "actions": [
    "Boss|-125.32, 12.00, 166.79|",
    "MoveTo|-100.47, 17.46, 124.89|",
    "AutoMoveFor|-93.48, 18.73, 124.91|5000",
    "Revival|0, 0, 0|",
    "MoveTo|270.63, 120.91, -101.36|",
    "MoveTo|266.05, 122.77, -77.11|",
    "MoveTo|268.54, 126.54, -39.95|",
    "Wait|0, 0, 0|30000",
    "MoveTo|163.57, 136.22, -35.02|",
    "Boss|158.88, 137.61, -91.59|",
    "MoveTo|191.51, 140.25, -135.18|",
    "AutoMoveFor|195.42, 140.28, -140.36|1100",
    "Wait|0, 0, 0|5000",
    "Revival|0, 0, 0|",
    "MoveTo|-90.57, 344.15, -360.92|",
    "Wait|0, 0, 0|1000",
    "MoveTo|-88.32, 344.15, -358.08|",
    "MoveTo|-114.96, 344.22, -353.46|",
    "Boss|-101.56, 348.15, -401.44|"
  ],
  "meta": {
    "createdAt": 106,
    "changelog": [],
    "notes": []
  }
}