{
  "actions": [
    "Boss|18.66, 26.66, -17.03|",
    "MoveTo|-0.95, 25.83, -6.77|",
    "AutoMoveFor|-7.78, 21.93, -2.75|2000",
    "MoveTo|-99.18, 329.47, -117.35|",
	"Interactable|0, 0, 0|2004844 (Imperial Identification Key)",
    "MoveTo|-104.25, 329.10, -133.70|",
	"Interactable|0, 0, 0|2004829 (Magitek Terminal)",
    "StopForCombat|-99.54, 333.85, -147.90|False",
    "StopForCombat|-92.14, 338.62, -189.96|True",
    "MoveTo|-84.22, 338.74, -192.95|",
    "StopForCombat|-71.79, 339.38, -186.00|False",
    "StopForCombat|-70.07, 338.45, -233.92|True",
    "MoveTo|-58.42, 338.34, -231.40|",
	"Interactable|0, 0, 0|2004975 (Imperial Identification Key)",
    "MoveTo|-33.79, 338.45, -201.27|",
	"Interactable|0, 0, 0|2004834 (Magitek Terminal)",
    "Boss|8.46, 346.02, -150.13|",
    "MoveTo|6.69, 346.08, -123.89|",
    "AutoMoveFor|6.72, 345.42, -118.36|2000",
    "Wait|64.47, 608.26, -66.92|5000",
    "Wait|-33.20, 638.24, -13.08|5000",
    "Boss|-40.71, 641.04, -78.19|"
  ],
  "meta": {
    "createdAt": 106,
    "changelog": [],
    "notes": []
  }
}