{
  "actions": [
    "Boss|335.50, 94.00, -202.75|",
    "MoveTo|321.94, 94.00, -184.24|",
    "MoveTo|216.35, 10.59, -158.95|",
    "MoveTo|185.57, 1.09, -64.48|",
    "MoveTo|182.26, 1.17, -79.02|",
    "MoveTo|155.04, 37.62, 10.06|",
    "MoveTo|50.52, 56.08, 63.46|",
    "Boss|14.47, 60.00, 66.94|",
    "MoveTo|-8.60, 60.00, 58.13|",
    "MoveTo|-81.59, 93.08, -13.69|",
    "MoveTo|-34.12, 108.28, -42.15|",
    "MoveTo|76.85, 108.25, -29.69|",
    "MoveTo|82.39, 107.70, -46.28|",
    "MoveTo|89.85, 123.27, -106.94|",
    "Boss|35.49, 148.40, -262.59|",
    "MoveTo|35.17, 148.40, -287.75|"
  ],
  "meta": {
    "createdAt": 106,
    "changelog": [],
    "notes": []
  }
}