{
  "actions": [
    {
      "tag": 3,
      "name": "\u003C-- Comment --\u003E",
      "position": {
        "X": 0,
        "Y": 0,
        "Z": 0
      },
      "arguments": [
        ""
      ],
      "note": "\u003C-- Trash Pack / \u96D1\u9B5A 1 --\u003E"
    },
    {
      "tag": 3,
      "name": "\u003C-- Comment --\u003E",
      "position": {
        "X": 0,
        "Y": 0,
        "Z": 0
      },
      "arguments": [
        ""
      ],
      "note": "\u003C-- Not double-pulling here cuz too dangerous --\u003E"
    },
    {
      "tag": 0,
      "name": "StopForCombat",
      "position": {
        "X": 196.79,
        "Y": 60.9,
        "Z": 166.26
      },
      "arguments": [
        "False"
      ],
      "note": ""
    },
    {
      "tag": 0,
      "name": "MoveTo",
      "position": {
        "X": 254.19,
        "Y": 58.98,
        "Z": 136.64
      },
      "arguments": [
        ""
      ],
      "note": ""
    },
    {
      "tag": 1,
      "name": "Wait",
      "position": {
        "X": 0,
        "Y": 0,
        "Z": 0
      },
      "arguments": [
        "4200"
      ],
      "note": ""
    },
    {
      "tag": 1,
      "name": "MoveTo",
      "position": {
        "X": 261.34,
        "Y": 58.98,
        "Z": 134.69
      },
      "arguments": [
        ""
      ],
      "note": ""
    },
    {
      "tag": 1,
      "name": "Wait",
      "position": {
        "X": 0,
        "Y": 0,
        "Z": 0
      },
      "arguments": [
        "4200"
      ],
      "note": ""
    },
    {
      "tag": 0,
      "name": "StopForCombat",
      "position": {
        "X": 0,
        "Y": 0,
        "Z": 0
      },
      "arguments": [
        "True"
      ],
      "note": ""
    },
    {
      "tag": 3,
      "name": "\u003C-- Comment --\u003E",
      "position": {
        "X": 0,
        "Y": 0,
        "Z": 0
      },
      "arguments": [
        ""
      ],
      "note": "\u003C-- Trash Pack / \u96D1\u9B5A 2 --\u003E"
    },
    {
      "tag": 0,
      "name": "StopForCombat",
      "position": {
        "X": 250.79,
        "Y": 61.21,
        "Z": 96.68
      },
      "arguments": [
        "False"
      ],
      "note": ""
    },
    {
      "tag": 0,
      "name": "StopForCombat",
      "position": {
        "X": 257.4,
        "Y": 64.7,
        "Z": 57.65
      },
      "arguments": [
        "True"
      ],
      "note": ""
    },
    {
      "tag": 3,
      "name": "\u003C-- Comment --\u003E",
      "position": {
        "X": 0,
        "Y": 0,
        "Z": 0
      },
      "arguments": [
        ""
      ],
      "note": "\u003C-- Trash Pack / \u96D1\u9B5A 3 --\u003E"
    },
    {
      "tag": 0,
      "name": "StopForCombat",
      "position": {
        "X": 299.48,
        "Y": 65.91,
        "Z": 23.89
      },
      "arguments": [
        "False"
      ],
      "note": ""
    },
    {
      "tag": 0,
      "name": "MoveTo",
      "position": {
        "X": 313.15,
        "Y": 70.47,
        "Z": -2.14
      },
      "arguments": [
        ""
      ],
      "note": ""
    },
    {
      "tag": 1,
      "name": "Wait",
      "position": {
        "X": 0,
        "Y": 0,
        "Z": 0
      },
      "arguments": [
        "4200"
      ],
      "note": ""
    },
    {
      "tag": 1,
      "name": "MoveTo",
      "position": {
        "X": 316.46,
        "Y": 70.47,
        "Z": -7.28
      },
      "arguments": [
        ""
      ],
      "note": ""
    },
    {
      "tag": 1,
      "name": "Wait",
      "position": {
        "X": 0,
        "Y": 0,
        "Z": 0
      },
      "arguments": [
        "4200"
      ],
      "note": ""
    },
    {
      "tag": 0,
      "name": "StopForCombat",
      "position": {
        "X": 0,
        "Y": 0,
        "Z": 0
      },
      "arguments": [
        "True"
      ],
      "note": ""
    },
    {
      "tag": 3,
      "name": "\u003C-- Comment --\u003E",
      "position": {
        "X": 0,
        "Y": 0,
        "Z": 0
      },
      "arguments": [
        ""
      ],
      "note": "\u003C-- Trash Pack / \u96D1\u9B5A 4 --\u003E"
    },
    {
      "tag": 0,
      "name": "StopForCombat",
      "position": {
        "X": 323.11,
        "Y": 77.77,
        "Z": -79.52
      },
      "arguments": [
        "False"
      ],
      "note": ""
    },
    {
      "tag": 0,
      "name": "StopForCombat",
      "position": {
        "X": 352.27,
        "Y": 81.18,
        "Z": -112.7
      },
      "arguments": [
        "True"
      ],
      "note": ""
    },
    {
      "tag": 3,
      "name": "\u003C-- Comment --\u003E",
      "position": {
        "X": 0,
        "Y": 0,
        "Z": 0
      },
      "arguments": [
        ""
      ],
      "note": "\u003C-- Boss / \u30DC\u30B9 1 --\u003E"
    },
    {
      "tag": 0,
      "name": "Boss",
      "position": {
        "X": 334.03,
        "Y": 94,
        "Z": -213.62
      },
      "arguments": [
        ""
      ],
      "note": ""
    },
    {
      "tag": 3,
      "name": "\u003C-- Comment --\u003E",
      "position": {
        "X": 0,
        "Y": 0,
        "Z": 0
      },
      "arguments": [
        ""
      ],
      "note": "\u003C-- Movement / \u52D5\u304D --\u003E"
    },
    {
      "tag": 0,
      "name": "StopForCombat",
      "position": {
        "X": 216.35,
        "Y": 10.59,
        "Z": -158.95
      },
      "arguments": [
        "False"
      ],
      "note": ""
    },
    {
      "tag": 0,
      "name": "MoveTo",
      "position": {
        "X": 205.39,
        "Y": 10.48,
        "Z": -137.45
      },
      "arguments": [
        ""
      ],
      "note": ""
    },
    {
      "tag": 1,
      "name": "Wait",
      "position": {
        "X": 210.76,
        "Y": 5.54,
        "Z": -119.71
      },
      "arguments": [
        "2000"
      ],
      "note": ""
    },
    {
      "tag": 3,
      "name": "\u003C-- Comment --\u003E",
      "position": {
        "X": 0,
        "Y": 0,
        "Z": 0
      },
      "arguments": [
        ""
      ],
      "note": "\u003C-- Trash Packs / \u96D1\u9B5A 5, 6 \u0026 7 --\u003E"
    },
    {
      "tag": 0,
      "name": "MoveTo",
      "position": {
        "X": 229.09,
        "Y": -3.72,
        "Z": -60.48
      },
      "arguments": [
        ""
      ],
      "note": ""
    },
    {
      "tag": 1,
      "name": "Wait",
      "position": {
        "X": 0,
        "Y": 0,
        "Z": 0
      },
      "arguments": [
        "4200"
      ],
      "note": ""
    },
    {
      "tag": 0,
      "name": "MoveTo",
      "position": {
        "X": 214.83,
        "Y": -3.8,
        "Z": -54.63
      },
      "arguments": [
        ""
      ],
      "note": ""
    },
    {
      "tag": 5,
      "name": "TreasureCoffer",
      "position": {
        "X": 182.62,
        "Y": 1.17,
        "Z": -79.17
      },
      "arguments": [
        ""
      ],
      "note": ""
    },
    {
      "tag": 1,
      "name": "MoveTo",
      "position": {
        "X": 175.02,
        "Y": 1.06,
        "Z": -74.26
      },
      "arguments": [
        ""
      ],
      "note": ""
    },
    {
      "tag": 1,
      "name": "Wait",
      "position": {
        "X": 0,
        "Y": 0,
        "Z": 0
      },
      "arguments": [
        "14200"
      ],
      "note": ""
    },
    {
      "tag": 0,
      "name": "StopForCombat",
      "position": {
        "X": 145.02,
        "Y": 5.79,
        "Z": -108.62
      },
      "arguments": [
        "True"
      ],
      "note": ""
    },
    {
      "tag": 3,
      "name": "\u003C-- Comment --\u003E",
      "position": {
        "X": 0,
        "Y": 0,
        "Z": 0
      },
      "arguments": [
        ""
      ],
      "note": "\u003C-- Trash Pack / \u96D1\u9B5A 8 --\u003E"
    },
    {
      "tag": 3,
      "name": "\u003C-- Comment --\u003E",
      "position": {
        "X": 0,
        "Y": 0,
        "Z": 0
      },
      "arguments": [
        ""
      ],
      "note": "\u003C-- Not double-pulling here cuz too dangerous --\u003E"
    },
    {
      "tag": 0,
      "name": "StopForCombat",
      "position": {
        "X": 127.22,
        "Y": 9.41,
        "Z": -86.91
      },
      "arguments": [
        "False"
      ],
      "note": ""
    },
    {
      "tag": 0,
      "name": "MoveTo",
      "position": {
        "X": 117.28,
        "Y": 21.58,
        "Z": -46.79
      },
      "arguments": [
        ""
      ],
      "note": ""
    },
    {
      "tag": 1,
      "name": "Wait",
      "position": {
        "X": 0,
        "Y": 0,
        "Z": 0
      },
      "arguments": [
        "4200"
      ],
      "note": ""
    },
    {
      "tag": 1,
      "name": "MoveTo",
      "position": {
        "X": 107.79,
        "Y": 21.47,
        "Z": -42.34
      },
      "arguments": [
        ""
      ],
      "note": ""
    },
    {
      "tag": 1,
      "name": "Wait",
      "position": {
        "X": 0,
        "Y": 0,
        "Z": 0
      },
      "arguments": [
        "4200"
      ],
      "note": ""
    },
    {
      "tag": 0,
      "name": "StopForCombat",
      "position": {
        "X": 0,
        "Y": 0,
        "Z": 0
      },
      "arguments": [
        "True"
      ],
      "note": ""
    },
    {
      "tag": 3,
      "name": "\u003C-- Comment --\u003E",
      "position": {
        "X": 0,
        "Y": 0,
        "Z": 0
      },
      "arguments": [
        ""
      ],
      "note": "\u003C-- Trash Pack / \u96D1\u9B5A 9 --\u003E"
    },
    {
      "tag": 0,
      "name": "StopForCombat",
      "position": {
        "X": 124.67,
        "Y": 27.04,
        "Z": -23.25
      },
      "arguments": [
        "False"
      ],
      "note": ""
    },
    {
      "tag": 0,
      "name": "MoveTo",
      "position": {
        "X": 136.4,
        "Y": 34.9,
        "Z": 1.21
      },
      "arguments": [
        ""
      ],
      "note": ""
    },
    {
      "tag": 1,
      "name": "Wait",
      "position": {
        "X": 0,
        "Y": 0,
        "Z": 0
      },
      "arguments": [
        "4200"
      ],
      "note": ""
    },
    {
      "tag": 1,
      "name": "MoveTo",
      "position": {
        "X": 143.67,
        "Y": 36.53,
        "Z": 8.81
      },
      "arguments": [
        ""
      ],
      "note": ""
    },
    {
      "tag": 1,
      "name": "Wait",
      "position": {
        "X": 0,
        "Y": 0,
        "Z": 0
      },
      "arguments": [
        "4200"
      ],
      "note": ""
    },
    {
      "tag": 0,
      "name": "StopForCombat",
      "position": {
        "X": 0,
        "Y": 0,
        "Z": 0
      },
      "arguments": [
        "True"
      ],
      "note": ""
    },
    {
      "tag": 5,
      "name": "TreasureCoffer",
      "position": {
        "X": 154.77,
        "Y": 37.62,
        "Z": 9.65
      },
      "arguments": [
        ""
      ],
      "note": ""
    },
    {
      "tag": 3,
      "name": "\u003C-- Comment --\u003E",
      "position": {
        "X": 0,
        "Y": 0,
        "Z": 0
      },
      "arguments": [
        ""
      ],
      "note": "\u003C-- Boss / \u30DC\u30B9 2 --\u003E"
    },
    {
      "tag": 0,
      "name": "Boss",
      "position": {
        "X": 9.96,
        "Y": 60,
        "Z": 67.84
      },
      "arguments": [
        ""
      ],
      "note": ""
    },
    {
      "tag": 3,
      "name": "\u003C-- Comment --\u003E",
      "position": {
        "X": 0,
        "Y": 0,
        "Z": 0
      },
      "arguments": [
        ""
      ],
      "note": "\u003C-- Trash Pack / \u96D1\u9B5A 10 --\u003E"
    },
    {
      "tag": 0,
      "name": "StopForCombat",
      "position": {
        "X": -51.14,
        "Y": 80.81,
        "Z": 29.55
      },
      "arguments": [
        "False"
      ],
      "note": ""
    },
    {
      "tag": 0,
      "name": "MoveTo",
      "position": {
        "X": -73.44,
        "Y": 93.12,
        "Z": 5.86
      },
      "arguments": [
        ""
      ],
      "note": ""
    },
    {
      "tag": 1,
      "name": "Wait",
      "position": {
        "X": 0,
        "Y": 0,
        "Z": 0
      },
      "arguments": [
        "4200"
      ],
      "note": ""
    },
    {
      "tag": 1,
      "name": "MoveTo",
      "position": {
        "X": -77.32,
        "Y": 93.08,
        "Z": 0.73
      },
      "arguments": [
        ""
      ],
      "note": ""
    },
    {
      "tag": 1,
      "name": "Wait",
      "position": {
        "X": 0,
        "Y": 0,
        "Z": 0
      },
      "arguments": [
        "4200"
      ],
      "note": ""
    },
    {
      "tag": 0,
      "name": "StopForCombat",
      "position": {
        "X": 0,
        "Y": 0,
        "Z": 0
      },
      "arguments": [
        "True"
      ],
      "note": ""
    },
    {
      "tag": 3,
      "name": "\u003C-- Comment --\u003E",
      "position": {
        "X": 0,
        "Y": 0,
        "Z": 0
      },
      "arguments": [
        ""
      ],
      "note": "\u003C-- Trash Packs / \u96D1\u9B5A 11 \u0026 12 --\u003E"
    },
    {
      "tag": 0,
      "name": "MoveTo",
      "position": {
        "X": -82.15,
        "Y": 93.08,
        "Z": -13.91
      },
      "arguments": [
        ""
      ],
      "note": ""
    },
    {
      "tag": 0,
      "name": "Wait",
      "position": {
        "X": 0,
        "Y": 0,
        "Z": 0
      },
      "arguments": [
        "1000"
      ],
      "note": ""
    },
    {
      "tag": 0,
      "name": "StopForCombat",
      "position": {
        "X": -34.12,
        "Y": 108.28,
        "Z": -42.15
      },
      "arguments": [
        "False"
      ],
      "note": ""
    },
    {
      "tag": 0,
      "name": "StopForCombat",
      "position": {
        "X": 49.66,
        "Y": 108.13,
        "Z": -54.74
      },
      "arguments": [
        "True"
      ],
      "note": ""
    },
    {
      "tag": 3,
      "name": "\u003C-- Comment --\u003E",
      "position": {
        "X": 0,
        "Y": 0,
        "Z": 0
      },
      "arguments": [
        ""
      ],
      "note": "\u003C-- Movement / \u52D5\u304D --\u003E"
    },
    {
      "tag": 5,
      "name": "TreasureCoffer",
      "position": {
        "X": 77.15,
        "Y": 108.25,
        "Z": -29.95
      },
      "arguments": [
        ""
      ],
      "note": ""
    },
    {
      "tag": 0,
      "name": "MoveTo",
      "position": {
        "X": 82.39,
        "Y": 107.7,
        "Z": -46.28
      },
      "arguments": [
        ""
      ],
      "note": ""
    },
    {
      "tag": 0,
      "name": "MoveTo",
      "position": {
        "X": 88.27,
        "Y": 123.43,
        "Z": -90.46
      },
      "arguments": [
        ""
      ],
      "note": ""
    },
    {
      "tag": 5,
      "name": "TreasureCoffer",
      "position": {
        "X": 89.97,
        "Y": 123.27,
        "Z": -107.34
      },
      "arguments": [
        ""
      ],
      "note": ""
    },
    {
      "tag": 3,
      "name": "\u003C-- Comment --\u003E",
      "position": {
        "X": 0,
        "Y": 0,
        "Z": 0
      },
      "arguments": [
        ""
      ],
      "note": "\u003C-- Trash Pack / \u96D1\u9B5A 13 --\u003E"
    },
    {
      "tag": 0,
      "name": "StopForCombat",
      "position": {
        "X": 73.9,
        "Y": 123.54,
        "Z": -93.83
      },
      "arguments": [
        "False"
      ],
      "note": ""
    },
    {
      "tag": 0,
      "name": "MoveTo",
      "position": {
        "X": 37.75,
        "Y": 123.14,
        "Z": -94.43
      },
      "arguments": [
        ""
      ],
      "note": ""
    },
    {
      "tag": 1,
      "name": "Wait",
      "position": {
        "X": 0,
        "Y": 0,
        "Z": 0
      },
      "arguments": [
        "2200"
      ],
      "note": ""
    },
    {
      "tag": 1,
      "name": "MoveTo",
      "position": {
        "X": 35.89,
        "Y": 123.36,
        "Z": -101.12
      },
      "arguments": [
        ""
      ],
      "note": ""
    },
    {
      "tag": 1,
      "name": "Wait",
      "position": {
        "X": 0,
        "Y": 0,
        "Z": 0
      },
      "arguments": [
        "4200"
      ],
      "note": ""
    },
    {
      "tag": 0,
      "name": "StopForCombat",
      "position": {
        "X": 0,
        "Y": 0,
        "Z": 0
      },
      "arguments": [
        "True"
      ],
      "note": ""
    },
    {
      "tag": 3,
      "name": "\u003C-- Comment --\u003E",
      "position": {
        "X": 0,
        "Y": 0,
        "Z": 0
      },
      "arguments": [
        ""
      ],
      "note": "\u003C-- Boss / \u30DC\u30B9 3 --\u003E"
    },
    {
      "tag": 0,
      "name": "Boss",
      "position": {
        "X": 34.82,
        "Y": 148.4,
        "Z": -283.17
      },
      "arguments": [
        ""
      ],
      "note": ""
    }
  ],
  "interactables": [],
  "meta": {
    "createdAt": 155,
    "changelog": [
      {
        "version": 161,
        "change": "Converted to new JSON Structure"
      },
      {
        "version": 163,
        "change": "Converted to newer JSON Structure"
      },
      {
        "version": 164,
        "change": "Converted to JSON Structure with Tags"
      }
    ],
    "notes": []
  }
}