{
  "actions": [
    {
      "tag": 0,
      "name": "MoveTo",
      "position": {
        "X": -0.12,
        "Y": -299.98,
        "Z": -32.1
      },
      "arguments": [
        ""
      ],
      "note": ""
    },
    {
      "tag": 0,
      "name": "MoveTo",
      "position": {
        "X": -0.18,
        "Y": -299.98,
        "Z": -65.91
      },
      "arguments": [
        ""
      ],
      "note": ""
    },
    {
      "tag": 2,
      "name": "MoveTo",
      "position": {
        "X": -16.92,
        "Y": -291.96,
        "Z": -91.28
      },
      "arguments": [
        ""
      ],
      "note": ""
    },
    {
      "tag": 0,
      "name": "Boss",
      "position": {
        "X": -0.04,
        "Y": -291.94,
        "Z": -100
      },
      "arguments": [
        ""
      ],
      "note": ""
    },
    {
      "tag": 5,
      "name": "TreasureCoffer",
      "position": {
        "X": 76.11,
        "Y": -263.98,
        "Z": -31.52
      },
      "arguments": [
        ""
      ],
      "note": ""
    },
    {
      "tag": 5,
      "name": "TreasureCoffer",
      "position": {
        "X": 68.08,
        "Y": -263.98,
        "Z": -14.97
      },
      "arguments": [
        ""
      ],
      "note": ""
    },
    {
      "tag": 0,
      "name": "MoveTo",
      "position": {
        "X": 96.58,
        "Y": -263.98,
        "Z": -0.02
      },
      "arguments": [
        ""
      ],
      "note": ""
    },
    {
      "tag": 0,
      "name": "AutoMoveFor",
      "position": {
        "X": 105.64,
        "Y": -263.87,
        "Z": -0.22
      },
      "arguments": [
        "2000"
      ],
      "note": ""
    },
    {
      "tag": 0,
      "name": "MoveTo",
      "position": {
        "X": 60.12,
        "Y": -0,
        "Z": 59.93
      },
      "arguments": [
        ""
      ],
      "note": ""
    },
    {
      "tag": 0,
      "name": "MoveTo",
      "position": {
        "X": 18.49,
        "Y": 0,
        "Z": 69.07
      },
      "arguments": [
        ""
      ],
      "note": ""
    },
    {
      "tag": 2,
      "name": "MoveTo",
      "position": {
        "X": 16,
        "Y": 0,
        "Z": 60.92
      },
      "arguments": [
        ""
      ],
      "note": ""
    },
    {
      "tag": 0,
      "name": "Boss",
      "position": {
        "X": -0.08,
        "Y": 0,
        "Z": 71.76
      },
      "arguments": [
        ""
      ],
      "note": ""
    },
    {
      "tag": 5,
      "name": "TreasureCoffer",
      "position": {
        "X": -78.14,
        "Y": 0,
        "Z": -15.63
      },
      "arguments": [
        ""
      ],
      "note": ""
    },
    {
      "tag": 0,
      "name": "MoveTo",
      "position": {
        "X": -101.28,
        "Y": 0,
        "Z": -0.17
      },
      "arguments": [
        ""
      ],
      "note": ""
    },
    {
      "tag": 0,
      "name": "MoveTo",
      "position": {
        "X": -106.99,
        "Y": 0,
        "Z": -0.16
      },
      "arguments": [
        ""
      ],
      "note": ""
    },
    {
      "tag": 0,
      "name": "AutoMoveFor",
      "position": {
        "X": -112.53,
        "Y": 0.13,
        "Z": -0.07
      },
      "arguments": [
        "1500"
      ],
      "note": ""
    },
    {
      "tag": 5,
      "name": "TreasureCoffer",
      "position": {
        "X": -59.8,
        "Y": 285,
        "Z": -18.01
      },
      "arguments": [
        ""
      ],
      "note": ""
    },
    {
      "tag": 0,
      "name": "MoveTo",
      "position": {
        "X": -60.32,
        "Y": 291,
        "Z": 53.62
      },
      "arguments": [
        ""
      ],
      "note": ""
    },
    {
      "tag": 0,
      "name": "Boss",
      "position": {
        "X": 0.03,
        "Y": 300,
        "Z": 4.11
      },
      "arguments": [
        ""
      ],
      "note": ""
    }
  ],
  "interactables": [],
  "meta": {
    "createdAt": 136,
    "changelog": [
      {
        "version": 161,
        "change": "Converted to new JSON Structure"
      },
      {
        "version": 163,
        "change": "Converted to newer JSON Structure"
      },
      {
        "version": 164,
        "change": "Converted to JSON Structure with Tags"
      }
    ],
    "notes": []
  }
}