{
  "actions": [
    {
      "tag": 3,
      "name": "\u003C-- Comment --\u003E",
      "position": {
        "X": 0,
        "Y": 0,
        "Z": 0
      },
      "arguments": [
        ""
      ],
      "note": "\u003C-- Trash Pack / \u96D1\u9B5A 1 --\u003E"
    },
    {
      "tag": 3,
      "name": "\u003C-- Comment --\u003E",
      "position": {
        "X": 0,
        "Y": 0,
        "Z": 0
      },
      "arguments": [
        ""
      ],
      "note": "\u003C-- No double-pulls here cuz Pollen Clusters make NPC AI wonky --\u003E"
    },
    {
      "tag": 0,
      "name": "StopForCombat",
      "position": {
        "X": -286.86,
        "Y": -15.96,
        "Z": 264.65
      },
      "arguments": [
        "False"
      ],
      "note": ""
    },
    {
      "tag": 0,
      "name": "StopForCombat",
      "position": {
        "X": -310.81,
        "Y": -9.14,
        "Z": 238.06
      },
      "arguments": [
        "True"
      ],
      "note": ""
    },
    {
      "tag": 3,
      "name": "\u003C-- Comment --\u003E",
      "position": {
        "X": 0,
        "Y": 0,
        "Z": 0
      },
      "arguments": [
        ""
      ],
      "note": "\u003C-- Trash Pack / \u96D1\u9B5A 2 --\u003E"
    },
    {
      "tag": 0,
      "name": "StopForCombat",
      "position": {
        "X": -298.4,
        "Y": -7.57,
        "Z": 224.7
      },
      "arguments": [
        "False"
      ],
      "note": ""
    },
    {
      "tag": 0,
      "name": "StopForCombat",
      "position": {
        "X": -274.49,
        "Y": -3.76,
        "Z": 188.28
      },
      "arguments": [
        "True"
      ],
      "note": ""
    },
    {
      "tag": 3,
      "name": "\u003C-- Comment --\u003E",
      "position": {
        "X": 0,
        "Y": 0,
        "Z": 0
      },
      "arguments": [
        ""
      ],
      "note": "\u003C-- Trash Pack / \u96D1\u9B5A 3 --\u003E"
    },
    {
      "tag": 0,
      "name": "StopForCombat",
      "position": {
        "X": -249.21,
        "Y": -1.44,
        "Z": 189.05
      },
      "arguments": [
        "False"
      ],
      "note": ""
    },
    {
      "tag": 0,
      "name": "MoveTo",
      "position": {
        "X": -197.44,
        "Y": 3.38,
        "Z": 185.33
      },
      "arguments": [
        ""
      ],
      "note": ""
    },
    {
      "tag": 1,
      "name": "Wait",
      "position": {
        "X": 0,
        "Y": 0,
        "Z": 0
      },
      "arguments": [
        "5000"
      ],
      "note": ""
    },
    {
      "tag": 0,
      "name": "StopForCombat",
      "position": {
        "X": 0,
        "Y": 0,
        "Z": 0
      },
      "arguments": [
        "True"
      ],
      "note": ""
    },
    {
      "tag": 3,
      "name": "\u003C-- Comment --\u003E",
      "position": {
        "X": 0,
        "Y": 0,
        "Z": 0
      },
      "arguments": [
        ""
      ],
      "note": "\u003C-- Trash Pack / \u96D1\u9B5A 4 --\u003E"
    },
    {
      "tag": 0,
      "name": "StopForCombat",
      "position": {
        "X": -197.67,
        "Y": 3.31,
        "Z": 189.87
      },
      "arguments": [
        "False"
      ],
      "note": ""
    },
    {
      "tag": 0,
      "name": "MoveTo",
      "position": {
        "X": -170.19,
        "Y": 2.85,
        "Z": 208.35
      },
      "arguments": [
        ""
      ],
      "note": ""
    },
    {
      "tag": 1,
      "name": "Wait",
      "position": {
        "X": 0,
        "Y": 0,
        "Z": 0
      },
      "arguments": [
        "5000"
      ],
      "note": ""
    },
    {
      "tag": 0,
      "name": "StopForCombat",
      "position": {
        "X": 0,
        "Y": 0,
        "Z": 0
      },
      "arguments": [
        "True"
      ],
      "note": ""
    },
    {
      "tag": 3,
      "name": "\u003C-- Comment --\u003E",
      "position": {
        "X": 0,
        "Y": 0,
        "Z": 0
      },
      "arguments": [
        ""
      ],
      "note": "\u003C-- Boss / \u30DC\u30B9 1 --\u003E"
    },
    {
      "tag": 0,
      "name": "Boss",
      "position": {
        "X": -124.36,
        "Y": 12,
        "Z": 163.65
      },
      "arguments": [
        ""
      ],
      "note": ""
    },
    {
      "tag": 3,
      "name": "\u003C-- Comment --\u003E",
      "position": {
        "X": 0,
        "Y": 0,
        "Z": 0
      },
      "arguments": [
        ""
      ],
      "note": "\u003C-- Movement / \u52D5\u304D --\u003E"
    },
    {
      "tag": 0,
      "name": "MoveTo",
      "position": {
        "X": -100.47,
        "Y": 17.46,
        "Z": 124.89
      },
      "arguments": [
        ""
      ],
      "note": ""
    },
    {
      "tag": 0,
      "name": "AutoMoveFor",
      "position": {
        "X": -93.48,
        "Y": 18.73,
        "Z": 124.91
      },
      "arguments": [
        "3000"
      ],
      "note": ""
    },
    {
      "tag": 0,
      "name": "Wait",
      "position": {
        "X": 0,
        "Y": 0,
        "Z": 0
      },
      "arguments": [
        "2000"
      ],
      "note": ""
    },
    {
      "tag": 4,
      "name": "Revival",
      "position": {
        "X": 0,
        "Y": 0,
        "Z": 0
      },
      "arguments": [
        ""
      ],
      "note": ""
    },
    {
      "tag": 3,
      "name": "\u003C-- Comment --\u003E",
      "position": {
        "X": 0,
        "Y": 0,
        "Z": 0
      },
      "arguments": [
        ""
      ],
      "note": "\u003C-- Trash Packs / \u96D1\u9B5A 5 \u0026 6 --\u003E"
    },
    {
      "tag": 0,
      "name": "StopForCombat",
      "position": {
        "X": 326.32,
        "Y": 97.32,
        "Z": 46.38
      },
      "arguments": [
        "False"
      ],
      "note": ""
    },
    {
      "tag": 0,
      "name": "MoveTo",
      "position": {
        "X": 355.59,
        "Y": 107.54,
        "Z": -11.64
      },
      "arguments": [
        ""
      ],
      "note": ""
    },
    {
      "tag": 1,
      "name": "Wait",
      "position": {
        "X": 0,
        "Y": 0,
        "Z": 0
      },
      "arguments": [
        "2200"
      ],
      "note": ""
    },
    {
      "tag": 1,
      "name": "Rotation",
      "position": {
        "X": 0,
        "Y": 0,
        "Z": 0
      },
      "arguments": [
        "Off"
      ],
      "note": ""
    },
    {
      "tag": 0,
      "name": "MoveTo",
      "position": {
        "X": 359.39,
        "Y": 107.54,
        "Z": -18.41
      },
      "arguments": [
        ""
      ],
      "note": ""
    },
    {
      "tag": 0,
      "name": "MoveTo",
      "position": {
        "X": 349.62,
        "Y": 112.52,
        "Z": -56.82
      },
      "arguments": [
        ""
      ],
      "note": ""
    },
    {
      "tag": 1,
      "name": "Rotation",
      "position": {
        "X": 0,
        "Y": 0,
        "Z": 0
      },
      "arguments": [
        "On"
      ],
      "note": ""
    },
    {
      "tag": 1,
      "name": "StopForCombat",
      "position": {
        "X": 356.79,
        "Y": 108.06,
        "Z": -28.79
      },
      "arguments": [
        "True"
      ],
      "note": ""
    },
    {
      "tag": 2,
      "name": "StopForCombat",
      "position": {
        "X": 0,
        "Y": 0,
        "Z": 0
      },
      "arguments": [
        "True"
      ],
      "note": ""
    },
    {
      "tag": 2,
      "name": "Wait",
      "position": {
        "X": 0,
        "Y": 0,
        "Z": 0
      },
      "arguments": [
        "25000"
      ],
      "note": ""
    },
    {
      "tag": 3,
      "name": "\u003C-- Comment --\u003E",
      "position": {
        "X": 0,
        "Y": 0,
        "Z": 0
      },
      "arguments": [
        ""
      ],
      "note": "\u003C-- Trash Packs / \u96D1\u9B5A 7 \u0026 8 --\u003E"
    },
    {
      "tag": 0,
      "name": "StopForCombat",
      "position": {
        "X": 318.29,
        "Y": 116.16,
        "Z": -95.5
      },
      "arguments": [
        "False"
      ],
      "note": ""
    },
    {
      "tag": 0,
      "name": "MoveTo",
      "position": {
        "X": 283.74,
        "Y": 120.43,
        "Z": -94.19
      },
      "arguments": [
        ""
      ],
      "note": ""
    },
    {
      "tag": 1,
      "name": "Wait",
      "position": {
        "X": 0,
        "Y": 0,
        "Z": 0
      },
      "arguments": [
        "2200"
      ],
      "note": ""
    },
    {
      "tag": 5,
      "name": "TreasureCoffer",
      "position": {
        "X": 270.59,
        "Y": 120.9,
        "Z": -101.4
      },
      "arguments": [
        ""
      ],
      "note": ""
    },
    {
      "tag": 1,
      "name": "Rotation",
      "position": {
        "X": 0,
        "Y": 0,
        "Z": 0
      },
      "arguments": [
        "Off"
      ],
      "note": ""
    },
    {
      "tag": 0,
      "name": "MoveTo",
      "position": {
        "X": 267.11,
        "Y": 126.6,
        "Z": -52.91
      },
      "arguments": [
        ""
      ],
      "note": ""
    },
    {
      "tag": 1,
      "name": "Rotation",
      "position": {
        "X": 0,
        "Y": 0,
        "Z": 0
      },
      "arguments": [
        "On"
      ],
      "note": ""
    },
    {
      "tag": 1,
      "name": "StopForCombat",
      "position": {
        "X": 273.42,
        "Y": 120.72,
        "Z": -90.17
      },
      "arguments": [
        "True"
      ],
      "note": ""
    },
    {
      "tag": 2,
      "name": "StopForCombat",
      "position": {
        "X": 0,
        "Y": 0,
        "Z": 0
      },
      "arguments": [
        "True"
      ],
      "note": ""
    },
    {
      "tag": 2,
      "name": "Wait",
      "position": {
        "X": 0,
        "Y": 0,
        "Z": 0
      },
      "arguments": [
        "30000"
      ],
      "note": ""
    },
    {
      "tag": 3,
      "name": "\u003C-- Comment --\u003E",
      "position": {
        "X": 0,
        "Y": 0,
        "Z": 0
      },
      "arguments": [
        ""
      ],
      "note": "\u003C-- Trash Pack / \u96D1\u9B5A 9 --\u003E"
    },
    {
      "tag": 0,
      "name": "StopForCombat",
      "position": {
        "X": 236.07,
        "Y": 127.76,
        "Z": -29.95
      },
      "arguments": [
        "False"
      ],
      "note": ""
    },
    {
      "tag": 0,
      "name": "StopForCombat",
      "position": {
        "X": 206.42,
        "Y": 131.34,
        "Z": -31.8
      },
      "arguments": [
        "True"
      ],
      "note": ""
    },
    {
      "tag": 5,
      "name": "TreasureCoffer",
      "position": {
        "X": 163.49,
        "Y": 136.26,
        "Z": -34.86
      },
      "arguments": [
        ""
      ],
      "note": ""
    },
    {
      "tag": 3,
      "name": "\u003C-- Comment --\u003E",
      "position": {
        "X": 0,
        "Y": 0,
        "Z": 0
      },
      "arguments": [
        ""
      ],
      "note": "\u003C-- Boss / \u30DC\u30B9 2 --\u003E"
    },
    {
      "tag": 0,
      "name": "Boss",
      "position": {
        "X": 159.69,
        "Y": 137.61,
        "Z": -95.48
      },
      "arguments": [
        ""
      ],
      "note": ""
    },
    {
      "tag": 3,
      "name": "\u003C-- Comment --\u003E",
      "position": {
        "X": 0,
        "Y": 0,
        "Z": 0
      },
      "arguments": [
        ""
      ],
      "note": "\u003C-- Movement / \u52D5\u304D --\u003E"
    },
    {
      "tag": 0,
      "name": "MoveTo",
      "position": {
        "X": 191.51,
        "Y": 140.25,
        "Z": -135.18
      },
      "arguments": [
        ""
      ],
      "note": ""
    },
    {
      "tag": 0,
      "name": "AutoMoveFor",
      "position": {
        "X": 195.42,
        "Y": 140.28,
        "Z": -140.36
      },
      "arguments": [
        "3000"
      ],
      "note": ""
    },
    {
      "tag": 0,
      "name": "Wait",
      "position": {
        "X": 0,
        "Y": 0,
        "Z": 0
      },
      "arguments": [
        "2000"
      ],
      "note": ""
    },
    {
      "tag": 4,
      "name": "Revival",
      "position": {
        "X": 0,
        "Y": 0,
        "Z": 0
      },
      "arguments": [
        ""
      ],
      "note": ""
    },
    {
      "tag": 3,
      "name": "\u003C-- Comment --\u003E",
      "position": {
        "X": 0,
        "Y": 0,
        "Z": 0
      },
      "arguments": [
        ""
      ],
      "note": "\u003C-- Trash Packs / \u96D1\u9B5A 10 \u0026 11 --\u003E"
    },
    {
      "tag": 0,
      "name": "StopForCombat",
      "position": {
        "X": -96.26,
        "Y": 318.04,
        "Z": -216.4
      },
      "arguments": [
        "False"
      ],
      "note": ""
    },
    {
      "tag": 0,
      "name": "MoveTo",
      "position": {
        "X": -121.16,
        "Y": 319.4,
        "Z": -246.53
      },
      "arguments": [
        ""
      ],
      "note": ""
    },
    {
      "tag": 1,
      "name": "Wait",
      "position": {
        "X": 0,
        "Y": 0,
        "Z": 0
      },
      "arguments": [
        "2200"
      ],
      "note": ""
    },
    {
      "tag": 1,
      "name": "Rotation",
      "position": {
        "X": 0,
        "Y": 0,
        "Z": 0
      },
      "arguments": [
        "Off"
      ],
      "note": ""
    },
    {
      "tag": 0,
      "name": "MoveTo",
      "position": {
        "X": -153.11,
        "Y": 324.4,
        "Z": -259.53
      },
      "arguments": [
        ""
      ],
      "note": ""
    },
    {
      "tag": 1,
      "name": "Rotation",
      "position": {
        "X": 0,
        "Y": 0,
        "Z": 0
      },
      "arguments": [
        "On"
      ],
      "note": ""
    },
    {
      "tag": 1,
      "name": "StopForCombat",
      "position": {
        "X": -122.28,
        "Y": 319.44,
        "Z": -247.86
      },
      "arguments": [
        "True"
      ],
      "note": ""
    },
    {
      "tag": 2,
      "name": "StopForCombat",
      "position": {
        "X": 0,
        "Y": 0,
        "Z": 0
      },
      "arguments": [
        "True"
      ],
      "note": ""
    },
    {
      "tag": 3,
      "name": "\u003C-- Comment --\u003E",
      "position": {
        "X": 0,
        "Y": 0,
        "Z": 0
      },
      "arguments": [
        ""
      ],
      "note": "\u003C-- Trash Pack / \u96D1\u9B5A 12 --\u003E"
    },
    {
      "tag": 0,
      "name": "MoveTo",
      "position": {
        "X": -195.04,
        "Y": 329.15,
        "Z": -298.69
      },
      "arguments": [
        ""
      ],
      "note": ""
    },
    {
      "tag": 2,
      "name": "Wait",
      "position": {
        "X": 0,
        "Y": 0,
        "Z": 0
      },
      "arguments": [
        "30000"
      ],
      "note": ""
    },
    {
      "tag": 3,
      "name": "\u003C-- Comment --\u003E",
      "position": {
        "X": 0,
        "Y": 0,
        "Z": 0
      },
      "arguments": [
        ""
      ],
      "note": "\u003C-- Movement / \u52D5\u304D --\u003E"
    },
    {
      "tag": 5,
      "name": "TreasureCoffer",
      "position": {
        "X": -90.35,
        "Y": 344.15,
        "Z": -360.37
      },
      "arguments": [
        ""
      ],
      "note": ""
    },
    {
      "tag": 0,
      "name": "Wait",
      "position": {
        "X": 0,
        "Y": 0,
        "Z": 0
      },
      "arguments": [
        "500"
      ],
      "note": ""
    },
    {
      "tag": 5,
      "name": "TreasureCoffer",
      "position": {
        "X": -89.04,
        "Y": 344.15,
        "Z": -358.48
      },
      "arguments": [
        ""
      ],
      "note": ""
    },
    {
      "tag": 0,
      "name": "MoveTo",
      "position": {
        "X": -116.25,
        "Y": 344.19,
        "Z": -354.06
      },
      "arguments": [
        ""
      ],
      "note": ""
    },
    {
      "tag": 3,
      "name": "\u003C-- Comment --\u003E",
      "position": {
        "X": 0,
        "Y": 0,
        "Z": 0
      },
      "arguments": [
        ""
      ],
      "note": "\u003C-- Boss / \u30DC\u30B9 3 --\u003E"
    },
    {
      "tag": 0,
      "name": "Boss",
      "position": {
        "X": -101.98,
        "Y": 348.15,
        "Z": -400.84
      },
      "arguments": [
        ""
      ],
      "note": ""
    }
  ],
  "interactables": [],
  "meta": {
    "createdAt": 155,
    "changelog": [
      {
        "version": 161,
        "change": "Converted to new JSON Structure"
      },
      {
        "version": 163,
        "change": "Converted to newer JSON Structure"
      },
      {
        "version": 164,
        "change": "Converted to JSON Structure with Tags"
      }
    ],
    "notes": []
  }
}