{
  "actions": [
    "StopForCombat|-286.86, -15.96, 264.65|False",
    "MoveTo|-272.76, -3.33, 217.90|",
    "MoveTo|-296.94, -7.88, 234.71|",
    "StopForCombat|-274.49, -3.76, 188.28|True",

    "StopForCombat|-249.21, -1.44, 189.05|False",
    "StopForCombat|-197.44, 3.38, 185.33|True",

    "Boss|-124.36, 12.00, 163.65|",

    "MoveTo|-100.47, 17.46, 124.89|",
    "AutoMoveFor|-93.48, 18.73, 124.91|2000",
    "Wait|0, 0, 0|2000",
    "Revival|0, 0, 0|",

    "StopForCombat|326.32, 97.32, 46.38|False",
    "MoveTo|359.39, 107.54, -18.41|",
    "MoveTo|349.62, 112.52, -56.82|",
    "StopForCombat|356.79, 108.06, -28.79|True",

    "MoveTo|346.55, 112.36, -71.76|",
    "StopForCombat|318.29, 116.16, -95.50|False",
    "TreasureCoffer|270.59, 120.90, -101.40|",
    "MoveTo|267.11, 126.60, -52.91|",
    "StopForCombat|273.42, 120.72, -90.17|True",

    "MoveTo|231.53, 128.68, -31.50|",
    "TreasureCoffer|163.49, 136.26, -34.86|",

    "Boss|159.69, 137.61, -95.48|",

    "MoveTo|191.51, 140.25, -135.18|",
    "AutoMoveFor|195.42, 140.28, -140.36|2000",
    "Wait|0, 0, 0|2000",
    "Revival|0, 0, 0|",

    "StopForCombat|-96.26, 318.04, -216.40|False",
    "MoveTo|-153.11, 324.40, -259.53|",
    "StopForCombat|-122.28, 319.44, -247.86|True",

    "MoveTo|-195.04, 329.15, -298.69|",
    "TreasureCoffer|-90.35, 344.15, -360.37|",
    "Wait|0, 0, 0|500",
    "TreasureCoffer|-89.04, 344.15, -358.48|",

    "MoveTo|-116.25, 344.19, -354.06|",
    "Boss|-101.98, 348.15, -400.84|"
  ],
  "meta": {
    "createdAt": 132,
    "changelog": [],
    "notes": []
  }
}