{
  "actions": [
    {
      "tag": 0,
      "name": "MoveTo",
      "position": {
        "X": 71.93,
        "Y": 5.68,
        "Z": -44.44
      },
      "arguments": [
        ""
      ],
      "note": ""
    },
    {
      "tag": 0,
      "name": "Interactable",
      "position": {
        "X": 0,
        "Y": 0,
        "Z": 0
      },
      "arguments": [
        "2004225"
      ],
      "note": "Tiny Key"
    },
    {
      "tag": 0,
      "name": "MoveTo",
      "position": {
        "X": 56.94,
        "Y": 4.48,
        "Z": -46.18
      },
      "arguments": [
        ""
      ],
      "note": ""
    },
    {
      "tag": 0,
      "name": "MoveTo",
      "position": {
        "X": 56.94,
        "Y": 4.48,
        "Z": -46.18
      },
      "arguments": [
        ""
      ],
      "note": ""
    },
    {
      "tag": 0,
      "name": "Interactable",
      "position": {
        "X": 0,
        "Y": 0,
        "Z": 0
      },
      "arguments": [
        "2004203"
      ],
      "note": "Door to Silence"
    },
    {
      "tag": 0,
      "name": "Boss",
      "position": {
        "X": 56.21,
        "Y": -2.5,
        "Z": -88.61
      },
      "arguments": [
        ""
      ],
      "note": ""
    },
    {
      "tag": 0,
      "name": "MoveTo",
      "position": {
        "X": -25.2,
        "Y": -9.54,
        "Z": -173.8
      },
      "arguments": [
        ""
      ],
      "note": ""
    },
    {
      "tag": 0,
      "name": "Boss",
      "position": {
        "X": -99.25,
        "Y": 10.5,
        "Z": -117.27
      },
      "arguments": [
        ""
      ],
      "note": ""
    },
    {
      "tag": 0,
      "name": "Boss",
      "position": {
        "X": -57.98,
        "Y": 28.4,
        "Z": -8.94
      },
      "arguments": [
        ""
      ],
      "note": ""
    },
    {
      "tag": 0,
      "name": "MoveTo",
      "position": {
        "X": -71.1,
        "Y": 40.74,
        "Z": 65.24
      },
      "arguments": [
        ""
      ],
      "note": ""
    },
    {
      "tag": 0,
      "name": "Interactable",
      "position": {
        "X": 0,
        "Y": 0,
        "Z": 0
      },
      "arguments": [
        "2004226"
      ],
      "note": "Finger of the Apostate"
    },
    {
      "tag": 0,
      "name": "MoveTo",
      "position": {
        "X": -51,
        "Y": 40.45,
        "Z": 64.94
      },
      "arguments": [
        ""
      ],
      "note": ""
    },
    {
      "tag": 0,
      "name": "Interactable",
      "position": {
        "X": 0,
        "Y": 0,
        "Z": 0
      },
      "arguments": [
        "2004224"
      ],
      "note": "Door to Oblivion"
    },
    {
      "tag": 0,
      "name": "Boss",
      "position": {
        "X": 1.61,
        "Y": 40.07,
        "Z": 66.47
      },
      "arguments": [
        ""
      ],
      "note": ""
    }
  ],
  "interactables": [],
  "meta": {
    "createdAt": 106,
    "changelog": [
      {
        "version": 161,
        "change": "Converted to new JSON Structure"
      },
      {
        "version": 163,
        "change": "Converted to newer JSON Structure"
      },
      {
        "version": 164,
        "change": "Converted to JSON Structure with Tags"
      }
    ],
    "notes": []
  }
}