{
  "actions": [
    "MoveTo|-0.12, -299.98, -32.10|",
    "MoveTo|-0.18, -299.98, -65.91|",
    "MoveTo|-16.92, -291.96, -91.28|",
    "Boss|-0.04, -291.94, -100.00|",
    "MoveTo|0.17, -291.95, -112.73|",
    "MoveTo|76.11, -263.98, -31.52|",
    "MoveTo|68.08, -263.98, -14.97|",
    "MoveTo|96.58, -263.98, -0.02|",
    "AutoMoveFor|105.64, -263.87, -0.22|2000",
    "MoveTo|60.12, -0.00, 59.93|",
    "MoveTo|18.49, 0.00, 69.07|",
    "MoveTo|16.00, 0.00, 60.92|",
    "Boss|-0.08, 0.00, 71.76|",
    "MoveTo|-11.22, 0.00, 72.03|",
    "MoveTo|-78.14, 0.00, -15.63|",
    "MoveTo|-101.28, 0.00, -0.17|",
    "MoveTo|-106.99, 0.00, -0.16|",
    "AutoMoveFor|-112.53, 0.13, -0.07|1500",
    "MoveTo|-59.80, 285.00, -18.01|",
    "MoveTo|-60.32, 291.00, 53.62|",
    "Boss|0.03, 300.00, 4.11|",
    "MoveTo|0.13, 300.00, -5.56|"
  ],
  "meta": {
    "createdAt": 106,
    "changelog": [],
    "notes": []
  }
}