{
  "actions": [
    {
      "tag": 0,
      "name": "Boss",
      "position": {
        "X": 18.66,
        "Y": 26.66,
        "Z": -17.03
      },
      "arguments": [
        ""
      ],
      "note": ""
    },
    {
      "tag": 0,
      "name": "MoveTo",
      "position": {
        "X": -0.95,
        "Y": 25.83,
        "Z": -6.77
      },
      "arguments": [
        ""
      ],
      "note": ""
    },
    {
      "tag": 0,
      "name": "AutoMoveFor",
      "position": {
        "X": -7.78,
        "Y": 21.93,
        "Z": -2.75
      },
      "arguments": [
        "2000"
      ],
      "note": ""
    },
    {
      "tag": 0,
      "name": "MoveTo",
      "position": {
        "X": -99.18,
        "Y": 329.47,
        "Z": -117.35
      },
      "arguments": [
        ""
      ],
      "note": ""
    },
    {
      "tag": 0,
      "name": "Interactable",
      "position": {
        "X": 0,
        "Y": 0,
        "Z": 0
      },
      "arguments": [
        "2004844"
      ],
      "note": "Imperial Identification Key"
    },
    {
      "tag": 0,
      "name": "MoveTo",
      "position": {
        "X": -104.25,
        "Y": 329.1,
        "Z": -133.7
      },
      "arguments": [
        ""
      ],
      "note": ""
    },
    {
      "tag": 0,
      "name": "Interactable",
      "position": {
        "X": 0,
        "Y": 0,
        "Z": 0
      },
      "arguments": [
        "2004829"
      ],
      "note": "Magitek Terminal"
    },
    {
      "tag": 0,
      "name": "StopForCombat",
      "position": {
        "X": -99.54,
        "Y": 333.85,
        "Z": -147.9
      },
      "arguments": [
        "False"
      ],
      "note": ""
    },
    {
      "tag": 0,
      "name": "StopForCombat",
      "position": {
        "X": -92.14,
        "Y": 338.62,
        "Z": -189.96
      },
      "arguments": [
        "True"
      ],
      "note": ""
    },
    {
      "tag": 0,
      "name": "MoveTo",
      "position": {
        "X": -84.22,
        "Y": 338.74,
        "Z": -192.95
      },
      "arguments": [
        ""
      ],
      "note": ""
    },
    {
      "tag": 0,
      "name": "StopForCombat",
      "position": {
        "X": -71.79,
        "Y": 339.38,
        "Z": -186
      },
      "arguments": [
        "False"
      ],
      "note": ""
    },
    {
      "tag": 0,
      "name": "StopForCombat",
      "position": {
        "X": -70.07,
        "Y": 338.45,
        "Z": -233.92
      },
      "arguments": [
        "True"
      ],
      "note": ""
    },
    {
      "tag": 0,
      "name": "MoveTo",
      "position": {
        "X": -58.42,
        "Y": 338.34,
        "Z": -231.4
      },
      "arguments": [
        ""
      ],
      "note": ""
    },
    {
      "tag": 0,
      "name": "Interactable",
      "position": {
        "X": 0,
        "Y": 0,
        "Z": 0
      },
      "arguments": [
        "2004975"
      ],
      "note": "Imperial Identification Key"
    },
    {
      "tag": 0,
      "name": "MoveTo",
      "position": {
        "X": -33.79,
        "Y": 338.45,
        "Z": -201.27
      },
      "arguments": [
        ""
      ],
      "note": ""
    },
    {
      "tag": 0,
      "name": "Interactable",
      "position": {
        "X": 0,
        "Y": 0,
        "Z": 0
      },
      "arguments": [
        "2004834"
      ],
      "note": "Magitek Terminal"
    },
    {
      "tag": 0,
      "name": "Boss",
      "position": {
        "X": 8.46,
        "Y": 346.02,
        "Z": -150.13
      },
      "arguments": [
        ""
      ],
      "note": ""
    },
    {
      "tag": 0,
      "name": "MoveTo",
      "position": {
        "X": 6.69,
        "Y": 346.08,
        "Z": -123.89
      },
      "arguments": [
        ""
      ],
      "note": ""
    },
    {
      "tag": 0,
      "name": "AutoMoveFor",
      "position": {
        "X": 6.72,
        "Y": 345.42,
        "Z": -118.36
      },
      "arguments": [
        "2000"
      ],
      "note": ""
    },
    {
      "tag": 0,
      "name": "Wait",
      "position": {
        "X": 64.47,
        "Y": 608.26,
        "Z": -66.92
      },
      "arguments": [
        "5000"
      ],
      "note": ""
    },
    {
      "tag": 0,
      "name": "Wait",
      "position": {
        "X": -33.2,
        "Y": 638.24,
        "Z": -13.08
      },
      "arguments": [
        "5000"
      ],
      "note": ""
    },
    {
      "tag": 0,
      "name": "Boss",
      "position": {
        "X": -40.71,
        "Y": 641.04,
        "Z": -78.19
      },
      "arguments": [
        ""
      ],
      "note": ""
    }
  ],
  "interactables": [],
  "meta": {
    "createdAt": 106,
    "changelog": [
      {
        "version": 161,
        "change": "Converted to new JSON Structure"
      },
      {
        "version": 163,
        "change": "Converted to newer JSON Structure"
      },
      {
        "version": 164,
        "change": "Converted to JSON Structure with Tags"
      }
    ],
    "notes": []
  }
}