{
  "actions": [
    "Boss|168.15, -700.00, 84.49|",
    "MoveTo|183.97, -700.00, 90.12|",
    "MoveTo|256.40, -707.99, 90.03|",
    "AutoMoveFor|264.92, -707.99, 89.88|5000",
    "MoveTo|-165.85, -700.01, 5.29|",
    "MoveTo|12.46, -698.00, -83.12|",
    "Boss|0.14, -698.01, -149.65|",
    "Wait|0, 0, 0|4500",
    "MoveTo|-0.13, -698.01, -164.87|",
    "MoveTo|-4.63, -695.98, -191.50|",
    "MoveTo|-0.41, -686.01, -255.18|",
    "AutoMoveFor|-10.00, -683.26, -250.17|7000",
    "MoveTo|0.02, 359.20, -108.36|",
    "MoveTo|-27.45, 385.20, -221.51|",
    "MoveTo|-35.59, 385.30, -225.04|",
    "AutoMoveFor|-35.85, 386.45, -240.16|3000",
    "Boss|-34.92, 385.00, -297.19|",
    "MoveTo|-35.24, 385.00, -307.21|"
  ],
  "meta": {
    "createdAt": 106,
    "changelog": [],
    "notes": []
  }
}