{
  "actions": [
    "MoveTo|46.94, 366.00, -576.15|",
    "Wait|0, 0, 0|5000",
    "MoveTo|45.84, 365.97, -585.71|",
    "MoveTo|27.93, 386.02, -685.85|",
    "Boss|23.83, 386.06, -742.13|",
    "MoveTo|-19.50, 398.27, -811.98|",
    "AutoMoveFor|-20.10, 398.27, -820.59|4000",
    "MoveTo|302.21, 67.10, -173.43|",
    "MoveTo|344.66, 42.36, -291.88|",
    "MoveTo|340.62, 34.31, -336.62|",
    "Boss|349.88, 34.00, -393.96|",
    "MoveTo|349.94, 34.00, -418.55|",
    "MoveTo|350.92, 33.47, -438.31|",
    "AutoMoveFor|345.45, 31.13, -453.02|15000",
    "MoveTo|-341.59, -142.71, 254.80|",
    "MoveTo|-257.97, -165.61, 207.82|",
    "Boss|-249.97, -173.00, 127.27|",
    "MoveTo|-250.10, -173.00, 116.80|"
  ],
  "meta": {
    "createdAt": 106,
    "changelog": [],
    "notes": []
  }
}