{
  "actions": [
    "Boss|-3.70, 0.00, -0.48|",

    "TreasureCoffer|101.74, -8.00, -25.04|",
    "TreasureCoffer|50.09, -9.00, 75.75|",

    "Boss|177.79, -7.43, 29.85|",

    "TreasureCoffer|248.93, -24.00, -21.29|",
    "MoveTo|229.41, -24.00, -38.48|",
    "MoveTo|265.74, -40.00, -38.50|",
    "MoveTo|263.34, -40.00, -55.13|",
    "TreasureCoffer|224.35, -40.00, -50.98|",

    "Boss|374.56, -39.00, -59.86|"
  ],
  "meta": {
    "createdAt": 133,
    "changelog": [],
    "notes": []
  }
}