{
  "actions": [
    {
      "tag": 0,
      "name": "Boss",
      "position": {
        "X": -3.7,
        "Y": 0,
        "Z": -0.48
      },
      "arguments": [
        ""
      ],
      "note": ""
    },
    {
      "tag": 5,
      "name": "TreasureCoffer",
      "position": {
        "X": 101.74,
        "Y": -8,
        "Z": -25.04
      },
      "arguments": [
        ""
      ],
      "note": ""
    },
    {
      "tag": 5,
      "name": "TreasureCoffer",
      "position": {
        "X": 50.09,
        "Y": -9,
        "Z": 75.75
      },
      "arguments": [
        ""
      ],
      "note": ""
    },
    {
      "tag": 0,
      "name": "Boss",
      "position": {
        "X": 177.79,
        "Y": -7.43,
        "Z": 29.85
      },
      "arguments": [
        ""
      ],
      "note": ""
    },
    {
      "tag": 5,
      "name": "TreasureCoffer",
      "position": {
        "X": 248.93,
        "Y": -24,
        "Z": -21.29
      },
      "arguments": [
        ""
      ],
      "note": ""
    },
    {
      "tag": 0,
      "name": "MoveTo",
      "position": {
        "X": 229.41,
        "Y": -24,
        "Z": -38.48
      },
      "arguments": [
        ""
      ],
      "note": ""
    },
    {
      "tag": 0,
      "name": "MoveTo",
      "position": {
        "X": 265.74,
        "Y": -40,
        "Z": -38.5
      },
      "arguments": [
        ""
      ],
      "note": ""
    },
    {
      "tag": 0,
      "name": "MoveTo",
      "position": {
        "X": 263.34,
        "Y": -40,
        "Z": -55.13
      },
      "arguments": [
        ""
      ],
      "note": ""
    },
    {
      "tag": 5,
      "name": "TreasureCoffer",
      "position": {
        "X": 224.35,
        "Y": -40,
        "Z": -50.98
      },
      "arguments": [
        ""
      ],
      "note": ""
    },
    {
      "tag": 0,
      "name": "Boss",
      "position": {
        "X": 374.56,
        "Y": -39,
        "Z": -59.86
      },
      "arguments": [
        ""
      ],
      "note": ""
    }
  ],
  "interactables": [],
  "meta": {
    "createdAt": 133,
    "changelog": [
      {
        "version": 161,
        "change": "Converted to new JSON Structure"
      },
      {
        "version": 163,
        "change": "Converted to newer JSON Structure"
      },
      {
        "version": 164,
        "change": "Converted to JSON Structure with Tags"
      }
    ],
    "notes": []
  }
}