{
  "actions": [
    "Boss|-3.70, 0.00, -0.48|",
    "MoveTo|12.07, 0.00, 0.17|",
    "MoveTo|101.74, -8.00, -25.04|",
    "MoveTo|50.09, -9.00, 75.75|",
    "Boss|177.79, -7.43, 29.85|",
    "MoveTo|177.55, -8.00, 9.92|",
    "MoveTo|248.93, -24.00, -21.29|",
    "MoveTo|229.41, -24.00, -38.48|",
    "MoveTo|265.74, -40.00, -38.50|",
    "MoveTo|263.34, -40.00, -55.13|",
    "MoveTo|224.35, -40.00, -50.98|",
    "Boss|374.56, -39.00, -59.86|",
    "MoveTo|385.58, -39.00, -59.70|"
  ],
  "meta": {
    "createdAt": 106,
    "changelog": [],
    "notes": []
  }
}