{
  "actions": [
    {
      "tag": 3,
      "name": "\u003C-- Comment --\u003E",
      "position": {
        "X": 0,
        "Y": 0,
        "Z": 0
      },
      "arguments": [
        ""
      ],
      "note": "\u003C-- Trash Pack / \u96D1\u9B5A 1 --\u003E"
    },
    {
      "tag": 0,
      "name": "StopForCombat",
      "position": {
        "X": -368.35,
        "Y": 0,
        "Z": 0.18
      },
      "arguments": [
        "False"
      ],
      "note": ""
    },
    {
      "tag": 0,
      "name": "StopForCombat",
      "position": {
        "X": -342.01,
        "Y": 0,
        "Z": -0.46
      },
      "arguments": [
        "True"
      ],
      "note": ""
    },
    {
      "tag": 3,
      "name": "\u003C-- Comment --\u003E",
      "position": {
        "X": 0,
        "Y": 0,
        "Z": 0
      },
      "arguments": [
        ""
      ],
      "note": "\u003C-- Trash Pack / \u96D1\u9B5A 2 --\u003E"
    },
    {
      "tag": 3,
      "name": "\u003C-- Comment --\u003E",
      "position": {
        "X": 0,
        "Y": 0,
        "Z": 0
      },
      "arguments": [
        ""
      ],
      "note": "\u003C-- Not double-pulling these cuz too far apart --\u003E"
    },
    {
      "tag": 0,
      "name": "StopForCombat",
      "position": {
        "X": -313.82,
        "Y": 0,
        "Z": -0.09
      },
      "arguments": [
        "False"
      ],
      "note": ""
    },
    {
      "tag": 0,
      "name": "StopForCombat",
      "position": {
        "X": -274.29,
        "Y": -6,
        "Z": -0.44
      },
      "arguments": [
        "True"
      ],
      "note": ""
    },
    {
      "tag": 3,
      "name": "\u003C-- Comment --\u003E",
      "position": {
        "X": 0,
        "Y": 0,
        "Z": 0
      },
      "arguments": [
        ""
      ],
      "note": "\u003C-- Trash Pack / \u96D1\u9B5A 3 --\u003E"
    },
    {
      "tag": 0,
      "name": "StopForCombat",
      "position": {
        "X": -233.45,
        "Y": 0,
        "Z": -36.29
      },
      "arguments": [
        "False"
      ],
      "note": ""
    },
    {
      "tag": 0,
      "name": "StopForCombat",
      "position": {
        "X": -207.24,
        "Y": 6,
        "Z": -61.54
      },
      "arguments": [
        "True"
      ],
      "note": ""
    },
    {
      "tag": 3,
      "name": "\u003C-- Comment --\u003E",
      "position": {
        "X": 0,
        "Y": 0,
        "Z": 0
      },
      "arguments": [
        ""
      ],
      "note": "\u003C-- Trash Pack / \u96D1\u9B5A 4 --\u003E"
    },
    {
      "tag": 0,
      "name": "StopForCombat",
      "position": {
        "X": -173.17,
        "Y": 12,
        "Z": -33.83
      },
      "arguments": [
        "False"
      ],
      "note": ""
    },
    {
      "tag": 0,
      "name": "StopForCombat",
      "position": {
        "X": -143.59,
        "Y": 6,
        "Z": -4.2
      },
      "arguments": [
        "True"
      ],
      "note": ""
    },
    {
      "tag": 3,
      "name": "\u003C-- Comment --\u003E",
      "position": {
        "X": 0,
        "Y": 0,
        "Z": 0
      },
      "arguments": [
        ""
      ],
      "note": "\u003C-- Trash Pack / \u96D1\u9B5A 5 --\u003E"
    },
    {
      "tag": 0,
      "name": "StopForCombat",
      "position": {
        "X": -96.25,
        "Y": 0,
        "Z": 0.03
      },
      "arguments": [
        "False"
      ],
      "note": ""
    },
    {
      "tag": 0,
      "name": "StopForCombat",
      "position": {
        "X": -74.13,
        "Y": 0,
        "Z": -0.03
      },
      "arguments": [
        "True"
      ],
      "note": ""
    },
    {
      "tag": 3,
      "name": "\u003C-- Comment --\u003E",
      "position": {
        "X": 0,
        "Y": 0,
        "Z": 0
      },
      "arguments": [
        ""
      ],
      "note": "\u003C-- Boss / \u30DC\u30B9 1 --\u003E"
    },
    {
      "tag": 0,
      "name": "Boss",
      "position": {
        "X": -5.27,
        "Y": 0,
        "Z": -0.51
      },
      "arguments": [
        ""
      ],
      "note": ""
    },
    {
      "tag": 3,
      "name": "\u003C-- Comment --\u003E",
      "position": {
        "X": 0,
        "Y": 0,
        "Z": 0
      },
      "arguments": [
        ""
      ],
      "note": "\u003C-- Trash Packs / \u96D1\u9B5A 6 \u0026 7 --\u003E"
    },
    {
      "tag": 0,
      "name": "StopForCombat",
      "position": {
        "X": 45.26,
        "Y": 0,
        "Z": 0.04
      },
      "arguments": [
        "False"
      ],
      "note": ""
    },
    {
      "tag": 0,
      "name": "MoveTo",
      "position": {
        "X": 96.08,
        "Y": -8,
        "Z": 0.03
      },
      "arguments": [
        ""
      ],
      "note": ""
    },
    {
      "tag": 1,
      "name": "Wait",
      "position": {
        "X": 0,
        "Y": 0,
        "Z": 0
      },
      "arguments": [
        "2200"
      ],
      "note": ""
    },
    {
      "tag": 1,
      "name": "Rotation",
      "position": {
        "X": 0,
        "Y": 0,
        "Z": 0
      },
      "arguments": [
        "Off"
      ],
      "note": ""
    },
    {
      "tag": 5,
      "name": "TreasureCoffer",
      "position": {
        "X": 101.92,
        "Y": -8,
        "Z": -25.58
      },
      "arguments": [
        ""
      ],
      "note": ""
    },
    {
      "tag": 0,
      "name": "MoveTo",
      "position": {
        "X": 84.62,
        "Y": -8,
        "Z": 36.05
      },
      "arguments": [
        ""
      ],
      "note": ""
    },
    {
      "tag": 1,
      "name": "Rotation",
      "position": {
        "X": 0,
        "Y": 0,
        "Z": 0
      },
      "arguments": [
        "On"
      ],
      "note": ""
    },
    {
      "tag": 1,
      "name": "StopForCombat",
      "position": {
        "X": 98.02,
        "Y": -8,
        "Z": 17.16
      },
      "arguments": [
        "True"
      ],
      "note": ""
    },
    {
      "tag": 2,
      "name": "StopForCombat",
      "position": {
        "X": 0,
        "Y": 0,
        "Z": 0
      },
      "arguments": [
        "True"
      ],
      "note": ""
    },
    {
      "tag": 3,
      "name": "\u003C-- Comment --\u003E",
      "position": {
        "X": 0,
        "Y": 0,
        "Z": 0
      },
      "arguments": [
        ""
      ],
      "note": "\u003C-- Trash Pack / \u96D1\u9B5A 8 --\u003E"
    },
    {
      "tag": 0,
      "name": "StopForCombat",
      "position": {
        "X": 80.88,
        "Y": -8,
        "Z": 39.98
      },
      "arguments": [
        "False"
      ],
      "note": ""
    },
    {
      "tag": 0,
      "name": "MoveTo",
      "position": {
        "X": 70.01,
        "Y": -8.14,
        "Z": 72.26
      },
      "arguments": [
        ""
      ],
      "note": ""
    },
    {
      "tag": 0,
      "name": "StopForCombat",
      "position": {
        "X": 77.36,
        "Y": -8,
        "Z": 61.8
      },
      "arguments": [
        "True"
      ],
      "note": ""
    },
    {
      "tag": 3,
      "name": "\u003C-- Comment --\u003E",
      "position": {
        "X": 0,
        "Y": 0,
        "Z": 0
      },
      "arguments": [
        ""
      ],
      "note": "\u003C-- Trash Pack / \u96D1\u9B5A 9 --\u003E"
    },
    {
      "tag": 5,
      "name": "TreasureCoffer",
      "position": {
        "X": 50.34,
        "Y": -9,
        "Z": 75.69
      },
      "arguments": [
        ""
      ],
      "note": ""
    },
    {
      "tag": 0,
      "name": "StopForCombat",
      "position": {
        "X": 77.79,
        "Y": -8,
        "Z": 72.05
      },
      "arguments": [
        "False"
      ],
      "note": ""
    },
    {
      "tag": 0,
      "name": "StopForCombat",
      "position": {
        "X": 114.76,
        "Y": -9,
        "Z": 74.41
      },
      "arguments": [
        "True"
      ],
      "note": ""
    },
    {
      "tag": 3,
      "name": "\u003C-- Comment --\u003E",
      "position": {
        "X": 0,
        "Y": 0,
        "Z": 0
      },
      "arguments": [
        ""
      ],
      "note": "\u003C-- Trash Pack / \u96D1\u9B5A 10 --\u003E"
    },
    {
      "tag": 0,
      "name": "StopForCombat",
      "position": {
        "X": 120.82,
        "Y": -8,
        "Z": 73.26
      },
      "arguments": [
        "False"
      ],
      "note": ""
    },
    {
      "tag": 0,
      "name": "StopForCombat",
      "position": {
        "X": 128.07,
        "Y": -8,
        "Z": 97.03
      },
      "arguments": [
        "True"
      ],
      "note": ""
    },
    {
      "tag": 3,
      "name": "\u003C-- Comment --\u003E",
      "position": {
        "X": 0,
        "Y": 0,
        "Z": 0
      },
      "arguments": [
        ""
      ],
      "note": "\u003C-- Boss / \u30DC\u30B9 2 --\u003E"
    },
    {
      "tag": 0,
      "name": "Boss",
      "position": {
        "X": 177.63,
        "Y": -7.91,
        "Z": 23.66
      },
      "arguments": [
        ""
      ],
      "note": ""
    },
    {
      "tag": 3,
      "name": "\u003C-- Comment --\u003E",
      "position": {
        "X": 0,
        "Y": 0,
        "Z": 0
      },
      "arguments": [
        ""
      ],
      "note": "\u003C-- Trash Pack / \u96D1\u9B5A 11 --\u003E"
    },
    {
      "tag": 0,
      "name": "StopForCombat",
      "position": {
        "X": 177.88,
        "Y": -8,
        "Z": -15.99
      },
      "arguments": [
        "False"
      ],
      "note": ""
    },
    {
      "tag": 0,
      "name": "StopForCombat",
      "position": {
        "X": 199.42,
        "Y": -20,
        "Z": -66.28
      },
      "arguments": [
        "True"
      ],
      "note": ""
    },
    {
      "tag": 3,
      "name": "\u003C-- Comment --\u003E",
      "position": {
        "X": 0,
        "Y": 0,
        "Z": 0
      },
      "arguments": [
        ""
      ],
      "note": "\u003C-- Trash Packs / \u96D1\u9B5A 12 \u0026 13 --\u003E"
    },
    {
      "tag": 0,
      "name": "StopForCombat",
      "position": {
        "X": 225.96,
        "Y": -24,
        "Z": -74.49
      },
      "arguments": [
        "False"
      ],
      "note": ""
    },
    {
      "tag": 0,
      "name": "MoveTo",
      "position": {
        "X": 297.81,
        "Y": -24,
        "Z": -62.17
      },
      "arguments": [
        ""
      ],
      "note": ""
    },
    {
      "tag": 1,
      "name": "StopForCombat",
      "position": {
        "X": 274.43,
        "Y": -24,
        "Z": -88.73
      },
      "arguments": [
        "True"
      ],
      "note": ""
    },
    {
      "tag": 2,
      "name": "StopForCombat",
      "position": {
        "X": 0,
        "Y": 0,
        "Z": 0
      },
      "arguments": [
        "True"
      ],
      "note": ""
    },
    {
      "tag": 3,
      "name": "\u003C-- Comment --\u003E",
      "position": {
        "X": 0,
        "Y": 0,
        "Z": 0
      },
      "arguments": [
        ""
      ],
      "note": "\u003C-- Trash Pack / \u96D1\u9B5A 14 --\u003E"
    },
    {
      "tag": 0,
      "name": "StopForCombat",
      "position": {
        "X": 297.8,
        "Y": -24,
        "Z": -60.86
      },
      "arguments": [
        "False"
      ],
      "note": ""
    },
    {
      "tag": 0,
      "name": "MoveTo",
      "position": {
        "X": 272.01,
        "Y": -24,
        "Z": -27.72
      },
      "arguments": [
        ""
      ],
      "note": ""
    },
    {
      "tag": 1,
      "name": "StopForCombat",
      "position": {
        "X": 283.13,
        "Y": -24,
        "Z": -29.69
      },
      "arguments": [
        "True"
      ],
      "note": ""
    },
    {
      "tag": 2,
      "name": "StopForCombat",
      "position": {
        "X": 0,
        "Y": 0,
        "Z": 0
      },
      "arguments": [
        "True"
      ],
      "note": ""
    },
    {
      "tag": 5,
      "name": "TreasureCoffer",
      "position": {
        "X": 248.89,
        "Y": -24,
        "Z": -21.28
      },
      "arguments": [
        ""
      ],
      "note": ""
    },
    {
      "tag": 3,
      "name": "\u003C-- Comment --\u003E",
      "position": {
        "X": 0,
        "Y": 0,
        "Z": 0
      },
      "arguments": [
        ""
      ],
      "note": "\u003C-- Trash Pack / \u96D1\u9B5A 15 --\u003E"
    },
    {
      "tag": 0,
      "name": "StopForCombat",
      "position": {
        "X": 229.02,
        "Y": -24,
        "Z": -41.61
      },
      "arguments": [
        "False"
      ],
      "note": ""
    },
    {
      "tag": 0,
      "name": "StopForCombat",
      "position": {
        "X": 264.43,
        "Y": -40,
        "Z": -61.72
      },
      "arguments": [
        "True"
      ],
      "note": ""
    },
    {
      "tag": 5,
      "name": "TreasureCoffer",
      "position": {
        "X": 224.94,
        "Y": -40,
        "Z": -51.07
      },
      "arguments": [
        ""
      ],
      "note": ""
    },
    {
      "tag": 3,
      "name": "\u003C-- Comment --\u003E",
      "position": {
        "X": 0,
        "Y": 0,
        "Z": 0
      },
      "arguments": [
        ""
      ],
      "note": "\u003C-- Boss / \u30DC\u30B9 3 --\u003E"
    },
    {
      "tag": 0,
      "name": "Boss",
      "position": {
        "X": 374.56,
        "Y": -39,
        "Z": -59.86
      },
      "arguments": [
        ""
      ],
      "note": ""
    }
  ],
  "interactables": [],
  "meta": {
    "createdAt": 155,
    "changelog": [
      {
        "version": 161,
        "change": "Converted to new JSON Structure"
      },
      {
        "version": 163,
        "change": "Converted to newer JSON Structure"
      },
      {
        "version": 164,
        "change": "Converted to JSON Structure with Tags"
      }
    ],
    "notes": []
  }
}