{
  "actions": [
    "MoveTo|-119.59, -9.70, 160.73|",
    "Boss|-70.55, 28.00, -76.76|",
    "MoveTo|-62.64, 28.00, -79.66|",
    "Wait|76.87, 25.13, -49.66|3000",
    "MoveTo|92.60, 25.31, -34.14|",
    "MoveTo|154.57, 55.75, -46.78|",
	"Interactable|0, 0, 0|2007397 (Bone Key)",
    "MoveTo|137.21, 55.69, -48.71|",
    "MoveTo|167.19, 55.75, -59.66|",
	"Interactable|0, 0, 0|2007373 (Imposing Gate)",
    "MoveTo|184.73, 55.69, -62.50|",
    "MoveTo|171.20, 55.63, -71.61|",
    "AutoMoveFor|174.18, 56.75, -74.82|500",
    "Wait|179.32, 56.75, -77.04|1000",
	"PausePandora|0, 0, 0|Auto-interact with Objects in Instances|5000",
    "MoveTo|0, 0, 0|2007388 (Lift Lever)",
    "Wait|178.97, 86.75, -80.75|10000",
    "MoveTo|184.23, 85.62, -85.11|",
    "Wait|178.17, 99.50, -8.57|3000",
    "MoveTo|178.10, 99.51, 8.86|",
    "MoveTo|178.46, 99.50, 38.33|",
    "Boss|243.85, 113.43, 14.81|",
    "MoveTo|257.16, 113.43, 1.37|",
    "MoveTo|307.38, 142.97, -134.80|",
    "MoveTo|299.63, 143.87, -157.77|",
	"Interactable|0, 0, 0|2007398 (Airstone)",
    "MoveTo|336.07, 144.00, -151.25|",
    "MoveTo|341.02, 143.93, -160.71|",
	"Interactable|0, 0, 0|2007400 (Tailwind Relic)",
    "MoveTo|336.09, 144.00, -159.80|",
    "AutoMoveFor|341.20, 144.67, -163.86|5600",
    "MoveTo|419.71, 149.91, -257.38|",
    "Wait|437.42, 151.32, -270.50|3000",
    "MoveTo|0, 0, 0|2007399 (Airstone)",
    "MoveTo|402.52, 151.20, -253.60|",
    "MoveTo|415.48, 151.22, -296.45|",
	"Interactable|0, 0, 0|2007401 (Tailwind Relic)",
    "MoveTo|414.39, 151.38, -291.19|",
    "AutoMoveFor|412.90, 151.93, -297.61|6500",
    "MoveTo|366.83, 163.75, -399.06|",
    "Boss|318.84, 166.66, -415.47|",
    "MoveTo|310.12, 166.65, -418.63|"
  ],
  "meta": {
    "createdAt": 106,
    "changelog": [],
    "notes": []
  }
}