{
  "actions": [
    "MoveTo|-145.68, -4.94, -63.16|",
    "MoveTo|-165.68, -4.52, -64.14|",
    "Wait|0, 0, 0|5000",
    "MoveTo|-165.68, -4.52, -64.14|",
    "MoveTo|0, 0, 0|2007567 (Imperial Identification Key)",
    "MoveTo|-205.69, 1.77, -50.13|",
    "MoveTo|0, 0, 0|2007571 (Security Terminal)",
    "MoveTo|-194.70, 1.95, -22.07|",
    "Wait|0, 0, 0|2000",
    "MoveTo|-194.70, 1.95, -22.07|",
    "MoveTo|0, 0, 0|2007568 (Imperial Identification Key)",
    "MoveTo|-186.96, 2.00, 18.13|",
    "MoveTo|0, 0, 0|2007572 (Security Terminal)",
    "Boss|-174.02, 2.93, 73.77|",
    "MoveTo|-158.89, 2.92, 73.19|",
    "MoveTo|-145.96, 2.75, 73.05|",
    "AutoMoveFor|-138.88, 2.72, 72.98|7000",
    "MoveTo|-0.99, -300.00, 0.03|",
    "MoveTo|0, 0, 0|2007580 (Control Panel)",
    "Wait|-0.24, -300.06, -12.86|12000",
    "Wait|-0.24, -300.06, -12.86|5000",
    "Wait|6.23, -300.19, -0.32|6000",
    "Wait|-0.22, -300.06, 13.22|12000",
    "Wait|-0.22, -300.06, 13.22|11000",
    "Wait|-0.22, -300.06, 13.22|8000",
    "Wait|-13.46, -300.00, 13.18|5000",
    "AutoMoveFor|12.87, -300.06, 1.99|5500",
    "Wait|0, 0, 0|5500",
    "Boss|114.46, -299.97, -0.11|",
    "MoveTo|130.78, -299.96, -0.07|",
    "AutoMoveFor|172.29, -299.48, -0.02|5000",
    "MoveTo|323.48, 168.84, 230.45|",
    "MoveTo|0, 0, 0|2007569 (Imperial Identification Key)",
    "MoveTo|311.87, 168.98, 216.46|",
    "MoveTo|320.75, 168.98, 242.94|",
    "MoveTo|0, 0, 0|2007573 (Security Terminal)",
    "MoveTo|325.77, 185.97, 333.07|",
    "MoveTo|342.84, 185.97, 333.11|",
    "MoveTo|347.80, 203.07, 258.49|",
    "MoveTo|380.98, 203.03, 262.72|",
    "MoveTo|367.82, 203.79, 299.52|",
    "MoveTo|376.61, 203.02, 338.48|",
    "MoveTo|384.57, 203.00, 332.25|",
    "Boss|351.80, 212.00, 392.18|",
    "MoveTo|342.08, 212.00, 392.03|"
  ],
  "meta": {
    "createdAt": 106,
    "changelog": [],
    "notes": []
  }
}