{
  "actions": [
    {
      "tag": 0,
      "name": "Boss",
      "position": {
        "X": -70.55,
        "Y": 28,
        "Z": -76.76
      },
      "arguments": [
        ""
      ],
      "note": ""
    },
    {
      "tag": 4,
      "name": "Revival",
      "position": {
        "X": 0,
        "Y": 0,
        "Z": 0
      },
      "arguments": [],
      "note": "CheckPoint1"
    },
    {
      "tag": 0,
      "name": "Interactable",
      "position": {
        "X": 154.57,
        "Y": 55.75,
        "Z": -46.78
      },
      "arguments": [
        "2007397"
      ],
      "note": "Bone Key"
    },
    {
      "tag": 5,
      "name": "TreasureCoffer",
      "position": {
        "X": 137.21,
        "Y": 55.69,
        "Z": -48.71
      },
      "arguments": [
        ""
      ],
      "note": ""
    },
    {
      "tag": 0,
      "name": "Interactable",
      "position": {
        "X": 167.19,
        "Y": 55.75,
        "Z": -59.66
      },
      "arguments": [
        "2007373"
      ],
      "note": "Imposing Gate"
    },
    {
      "tag": 5,
      "name": "TreasureCoffer",
      "position": {
        "X": 184.73,
        "Y": 55.69,
        "Z": -62.5
      },
      "arguments": [
        ""
      ],
      "note": ""
    },
    {
      "tag": 0,
      "name": "Interactable",
      "position": {
        "X": 0,
        "Y": 0,
        "Z": 0
      },
      "arguments": [
        "2007388",
        "2007390"
      ],
      "note": "Lift Lever"
    },
    {
      "tag": 0,
      "name": "Wait",
      "position": {
        "X": 0,
        "Y": 0,
        "Z": 0
      },
      "arguments": [
        "10000"
      ],
      "note": ""
    },
    {
      "tag": 0,
      "name": "MoveTo",
      "position": {
        "X": 199.67,
        "Y": 85.65,
        "Z": -79.41
      },
      "arguments": [
        ""
      ],
      "note": ""
    },
    {
      "tag": 0,
      "name": "Boss",
      "position": {
        "X": 243.85,
        "Y": 113.43,
        "Z": 14.81
      },
      "arguments": [
        ""
      ],
      "note": ""
    },
    {
      "tag": 4,
      "name": "Revival",
      "position": {
        "X": 0,
        "Y": 0,
        "Z": 0
      },
      "arguments": [],
      "note": "CheckPoint2"
    },
    {
      "tag": 0,
      "name": "Interactable",
      "position": {
        "X": 299.63,
        "Y": 143.87,
        "Z": -157.77
      },
      "arguments": [
        "2007398"
      ],
      "note": "Airstone"
    },
    {
      "tag": 5,
      "name": "TreasureCoffer",
      "position": {
        "X": 336.29,
        "Y": 143.99,
        "Z": -151.14
      },
      "arguments": [
        ""
      ],
      "note": ""
    },
    {
      "tag": 0,
      "name": "DutySpecificCode",
      "position": {
        "X": 341.02,
        "Y": 143.93,
        "Z": -160.71
      },
      "arguments": [
        "1"
      ],
      "note": "Tailwind Relic"
    },
    {
      "tag": 0,
      "name": "MoveTo",
      "position": {
        "X": 336.09,
        "Y": 144,
        "Z": -159.8
      },
      "arguments": [
        ""
      ],
      "note": ""
    },
    {
      "tag": 0,
      "name": "AutoMoveFor",
      "position": {
        "X": 341.2,
        "Y": 144.67,
        "Z": -163.86
      },
      "arguments": [
        "5600"
      ],
      "note": ""
    },
    {
      "tag": 0,
      "name": "MoveTo",
      "position": {
        "X": 419.71,
        "Y": 149.91,
        "Z": -257.38
      },
      "arguments": [
        ""
      ],
      "note": ""
    },
    {
      "tag": 0,
      "name": "Wait",
      "position": {
        "X": 437.42,
        "Y": 151.32,
        "Z": -270.5
      },
      "arguments": [
        "3000"
      ],
      "note": ""
    },
    {
      "tag": 0,
      "name": "Interactable",
      "position": {
        "X": 0,
        "Y": 0,
        "Z": 0
      },
      "arguments": [
        "2007399"
      ],
      "note": "Airstone"
    },
    {
      "tag": 0,
      "name": "DutySpecificCode",
      "position": {
        "X": 415.48,
        "Y": 151.22,
        "Z": -296.45
      },
      "arguments": [
        "2"
      ],
      "note": "Tailwind Relic"
    },
    {
      "tag": 0,
      "name": "MoveTo",
      "position": {
        "X": 414.39,
        "Y": 151.38,
        "Z": -291.19
      },
      "arguments": [
        ""
      ],
      "note": ""
    },
    {
      "tag": 0,
      "name": "AutoMoveFor",
      "position": {
        "X": 412.9,
        "Y": 151.93,
        "Z": -297.61
      },
      "arguments": [
        "6500"
      ],
      "note": ""
    },
    {
      "tag": 0,
      "name": "Boss",
      "position": {
        "X": 318.84,
        "Y": 166.66,
        "Z": -415.47
      },
      "arguments": [
        ""
      ],
      "note": ""
    }
  ],
  "interactables": [],
  "meta": {
    "createdAt": 106,
    "changelog": [
      {
        "version": 114,
        "change": "Fixed Missing Interaction with Lift Lever"
      },
      {
        "version": 161,
        "change": "Converted to new JSON Structure"
      },
      {
        "version": 163,
        "change": "Converted to newer JSON Structure"
      },
      {
        "version": 164,
        "change": "Converted to JSON Structure with Tags"
      }
    ],
    "notes": []
  }
}