{
  "actions": [
    {
      "tag": 0,
      "name": "MoveTo",
      "position": {
        "X": -145.68,
        "Y": -4.94,
        "Z": -63.16
      },
      "arguments": [
        ""
      ],
      "note": ""
    },
    {
      "tag": 0,
      "name": "MoveTo",
      "position": {
        "X": -165.68,
        "Y": -4.52,
        "Z": -64.14
      },
      "arguments": [
        ""
      ],
      "note": ""
    },
    {
      "tag": 0,
      "name": "Wait",
      "position": {
        "X": 0,
        "Y": 0,
        "Z": 0
      },
      "arguments": [
        "5000"
      ],
      "note": ""
    },
    {
      "tag": 0,
      "name": "MoveTo",
      "position": {
        "X": -165.68,
        "Y": -4.52,
        "Z": -64.14
      },
      "arguments": [
        ""
      ],
      "note": ""
    },
    {
      "tag": 0,
      "name": "Interactable",
      "position": {
        "X": 0,
        "Y": 0,
        "Z": 0
      },
      "arguments": [
        "2007567"
      ],
      "note": "Imperial Identification Key"
    },
    {
      "tag": 0,
      "name": "MoveTo",
      "position": {
        "X": -205.69,
        "Y": 1.77,
        "Z": -50.13
      },
      "arguments": [
        ""
      ],
      "note": ""
    },
    {
      "tag": 0,
      "name": "Interactable",
      "position": {
        "X": 0,
        "Y": 0,
        "Z": 0
      },
      "arguments": [
        "2007571"
      ],
      "note": "Security Terminal"
    },
    {
      "tag": 0,
      "name": "MoveTo",
      "position": {
        "X": -194.7,
        "Y": 1.95,
        "Z": -22.07
      },
      "arguments": [
        ""
      ],
      "note": ""
    },
    {
      "tag": 0,
      "name": "Wait",
      "position": {
        "X": 0,
        "Y": 0,
        "Z": 0
      },
      "arguments": [
        "2000"
      ],
      "note": ""
    },
    {
      "tag": 0,
      "name": "MoveTo",
      "position": {
        "X": -194.7,
        "Y": 1.95,
        "Z": -22.07
      },
      "arguments": [
        ""
      ],
      "note": ""
    },
    {
      "tag": 0,
      "name": "Interactable",
      "position": {
        "X": 0,
        "Y": 0,
        "Z": 0
      },
      "arguments": [
        "2007568"
      ],
      "note": "Imperial Identification Key"
    },
    {
      "tag": 0,
      "name": "MoveTo",
      "position": {
        "X": -186.96,
        "Y": 2,
        "Z": 18.13
      },
      "arguments": [
        ""
      ],
      "note": ""
    },
    {
      "tag": 0,
      "name": "Interactable",
      "position": {
        "X": 0,
        "Y": 0,
        "Z": 0
      },
      "arguments": [
        "2007572"
      ],
      "note": "Security Terminal"
    },
    {
      "tag": 0,
      "name": "Boss",
      "position": {
        "X": -174.02,
        "Y": 2.93,
        "Z": 73.77
      },
      "arguments": [
        ""
      ],
      "note": ""
    },
    {
      "tag": 0,
      "name": "MoveTo",
      "position": {
        "X": -158.89,
        "Y": 2.92,
        "Z": 73.19
      },
      "arguments": [
        ""
      ],
      "note": ""
    },
    {
      "tag": 0,
      "name": "MoveTo",
      "position": {
        "X": -145.96,
        "Y": 2.75,
        "Z": 73.05
      },
      "arguments": [
        ""
      ],
      "note": ""
    },
    {
      "tag": 0,
      "name": "AutoMoveFor",
      "position": {
        "X": -138.88,
        "Y": 2.72,
        "Z": 72.98
      },
      "arguments": [
        "7000"
      ],
      "note": ""
    },
    {
      "tag": 0,
      "name": "MoveTo",
      "position": {
        "X": -0.99,
        "Y": -300,
        "Z": 0.03
      },
      "arguments": [
        ""
      ],
      "note": ""
    },
    {
      "tag": 0,
      "name": "Interactable",
      "position": {
        "X": 0,
        "Y": 0,
        "Z": 0
      },
      "arguments": [
        "2007580"
      ],
      "note": "Control Panel"
    },
    {
      "tag": 0,
      "name": "Wait",
      "position": {
        "X": -0.24,
        "Y": -300.06,
        "Z": -12.86
      },
      "arguments": [
        "12000"
      ],
      "note": ""
    },
    {
      "tag": 0,
      "name": "Wait",
      "position": {
        "X": -0.24,
        "Y": -300.06,
        "Z": -12.86
      },
      "arguments": [
        "5000"
      ],
      "note": ""
    },
    {
      "tag": 0,
      "name": "Wait",
      "position": {
        "X": 6.23,
        "Y": -300.19,
        "Z": -0.32
      },
      "arguments": [
        "6000"
      ],
      "note": ""
    },
    {
      "tag": 0,
      "name": "Wait",
      "position": {
        "X": -0.22,
        "Y": -300.06,
        "Z": 13.22
      },
      "arguments": [
        "12000"
      ],
      "note": ""
    },
    {
      "tag": 0,
      "name": "Wait",
      "position": {
        "X": -0.22,
        "Y": -300.06,
        "Z": 13.22
      },
      "arguments": [
        "11000"
      ],
      "note": ""
    },
    {
      "tag": 0,
      "name": "Wait",
      "position": {
        "X": -0.22,
        "Y": -300.06,
        "Z": 13.22
      },
      "arguments": [
        "8000"
      ],
      "note": ""
    },
    {
      "tag": 0,
      "name": "Wait",
      "position": {
        "X": -13.46,
        "Y": -300,
        "Z": 13.18
      },
      "arguments": [
        "5000"
      ],
      "note": ""
    },
    {
      "tag": 0,
      "name": "AutoMoveFor",
      "position": {
        "X": 12.87,
        "Y": -300.06,
        "Z": 1.99
      },
      "arguments": [
        "5500"
      ],
      "note": ""
    },
    {
      "tag": 0,
      "name": "Wait",
      "position": {
        "X": 0,
        "Y": 0,
        "Z": 0
      },
      "arguments": [
        "5500"
      ],
      "note": ""
    },
    {
      "tag": 0,
      "name": "Boss",
      "position": {
        "X": 114.46,
        "Y": -299.97,
        "Z": -0.11
      },
      "arguments": [
        ""
      ],
      "note": ""
    },
    {
      "tag": 0,
      "name": "MoveTo",
      "position": {
        "X": 130.78,
        "Y": -299.96,
        "Z": -0.07
      },
      "arguments": [
        ""
      ],
      "note": ""
    },
    {
      "tag": 0,
      "name": "AutoMoveFor",
      "position": {
        "X": 172.29,
        "Y": -299.48,
        "Z": -0.02
      },
      "arguments": [
        "5000"
      ],
      "note": ""
    },
    {
      "tag": 0,
      "name": "MoveTo",
      "position": {
        "X": 323.48,
        "Y": 168.84,
        "Z": 230.45
      },
      "arguments": [
        ""
      ],
      "note": ""
    },
    {
      "tag": 0,
      "name": "Interactable",
      "position": {
        "X": 0,
        "Y": 0,
        "Z": 0
      },
      "arguments": [
        "2007569"
      ],
      "note": "Imperial Identification Key"
    },
    {
      "tag": 0,
      "name": "MoveTo",
      "position": {
        "X": 311.87,
        "Y": 168.98,
        "Z": 216.46
      },
      "arguments": [
        ""
      ],
      "note": ""
    },
    {
      "tag": 0,
      "name": "MoveTo",
      "position": {
        "X": 320.75,
        "Y": 168.98,
        "Z": 242.94
      },
      "arguments": [
        ""
      ],
      "note": ""
    },
    {
      "tag": 0,
      "name": "Interactable",
      "position": {
        "X": 0,
        "Y": 0,
        "Z": 0
      },
      "arguments": [
        "2007573"
      ],
      "note": "Security Terminal"
    },
    {
      "tag": 0,
      "name": "MoveTo",
      "position": {
        "X": 325.77,
        "Y": 185.97,
        "Z": 333.07
      },
      "arguments": [
        ""
      ],
      "note": ""
    },
    {
      "tag": 0,
      "name": "MoveTo",
      "position": {
        "X": 342.84,
        "Y": 185.97,
        "Z": 333.11
      },
      "arguments": [
        ""
      ],
      "note": ""
    },
    {
      "tag": 0,
      "name": "MoveTo",
      "position": {
        "X": 347.8,
        "Y": 203.07,
        "Z": 258.49
      },
      "arguments": [
        ""
      ],
      "note": ""
    },
    {
      "tag": 0,
      "name": "MoveTo",
      "position": {
        "X": 380.98,
        "Y": 203.03,
        "Z": 262.72
      },
      "arguments": [
        ""
      ],
      "note": ""
    },
    {
      "tag": 0,
      "name": "MoveTo",
      "position": {
        "X": 367.82,
        "Y": 203.79,
        "Z": 299.52
      },
      "arguments": [
        ""
      ],
      "note": ""
    },
    {
      "tag": 0,
      "name": "MoveTo",
      "position": {
        "X": 376.61,
        "Y": 203.02,
        "Z": 338.48
      },
      "arguments": [
        ""
      ],
      "note": ""
    },
    {
      "tag": 0,
      "name": "MoveTo",
      "position": {
        "X": 384.57,
        "Y": 203,
        "Z": 332.25
      },
      "arguments": [
        ""
      ],
      "note": ""
    },
    {
      "tag": 0,
      "name": "Boss",
      "position": {
        "X": 351.8,
        "Y": 212,
        "Z": 392.18
      },
      "arguments": [
        ""
      ],
      "note": ""
    },
    {
      "tag": 0,
      "name": "MoveTo",
      "position": {
        "X": 342.08,
        "Y": 212,
        "Z": 392.03
      },
      "arguments": [
        ""
      ],
      "note": ""
    }
  ],
  "interactables": [],
  "meta": {
    "createdAt": 106,
    "changelog": [
      {
        "version": 114,
        "change": "Fixed Missing Interactables"
      },
      {
        "version": 161,
        "change": "Converted to new JSON Structure"
      },
      {
        "version": 163,
        "change": "Converted to newer JSON Structure"
      },
      {
        "version": 164,
        "change": "Converted to JSON Structure with Tags"
      }
    ],
    "notes": []
  }
}