{
  "actions": [
    {
      "tag": 0,
      "name": "MoveTo",
      "position": {
        "X": -263.93,
        "Y": 401.86,
        "Z": -297.87
      },
      "arguments": [
        ""
      ],
      "note": ""
    },
    {
      "tag": 0,
      "name": "MoveTo",
      "position": {
        "X": -176.08,
        "Y": 398.19,
        "Z": -372.48
      },
      "arguments": [
        ""
      ],
      "note": ""
    },
    {
      "tag": 0,
      "name": "Boss",
      "position": {
        "X": -109.84,
        "Y": 395.05,
        "Z": -295.64
      },
      "arguments": [
        ""
      ],
      "note": ""
    },
    {
      "tag": 0,
      "name": "AutoMoveFor",
      "position": {
        "X": -47.49,
        "Y": 389.76,
        "Z": -246.7
      },
      "arguments": [
        "1000"
      ],
      "note": ""
    },
    {
      "tag": 4,
      "name": "Revival",
      "position": {
        "X": 0,
        "Y": 0,
        "Z": 0
      },
      "arguments": [
        "Checkpoint1"
      ],
      "note": ""
    },
    {
      "tag": 0,
      "name": "ForceAttack",
      "position": {
        "X": 29.86,
        "Y": 212.07,
        "Z": 218.06
      },
      "arguments": [
        ""
      ],
      "note": ""
    },
    {
      "tag": 0,
      "name": "ForceAttack",
      "position": {
        "X": 110.17,
        "Y": 222.05,
        "Z": 270.08
      },
      "arguments": [
        ""
      ],
      "note": ""
    },
    {
      "tag": 0,
      "name": "Boss",
      "position": {
        "X": 247.25,
        "Y": 225.14,
        "Z": 271.92
      },
      "arguments": [
        ""
      ],
      "note": ""
    },
    {
      "tag": 4,
      "name": "Revival",
      "position": {
        "X": 0,
        "Y": 0,
        "Z": 0
      },
      "arguments": [
        ""
      ],
      "note": "CheckPoint2"
    },
    {
      "tag": 0,
      "name": "AutoMoveFor",
      "position": {
        "X": 324.8,
        "Y": 222.2,
        "Z": 271.98
      },
      "arguments": [
        "4000"
      ],
      "note": ""
    },
    {
      "tag": 0,
      "name": "Interactable",
      "position": {
        "X": -352.83,
        "Y": -299.98,
        "Z": -249.99
      },
      "arguments": [
        "2005307"
      ],
      "note": "Lift Terminal"
    },
    {
      "tag": 0,
      "name": "Wait",
      "position": {
        "X": -360.42,
        "Y": -299.98,
        "Z": -250.03
      },
      "arguments": [
        "10000"
      ],
      "note": ""
    },
    {
      "tag": 0,
      "name": "Wait",
      "position": {
        "X": -362.95,
        "Y": -299.98,
        "Z": -255.14
      },
      "arguments": [
        "10000"
      ],
      "note": ""
    },
    {
      "tag": 0,
      "name": "MoveTo",
      "position": {
        "X": -357.21,
        "Y": -299.98,
        "Z": -245.34
      },
      "arguments": [
        ""
      ],
      "note": ""
    },
    {
      "tag": 0,
      "name": "AutoMoveFor",
      "position": {
        "X": -363.74,
        "Y": -299.98,
        "Z": -256.4
      },
      "arguments": [
        "1000"
      ],
      "note": ""
    },
    {
      "tag": 0,
      "name": "Wait",
      "position": {
        "X": 308.07,
        "Y": -27.92,
        "Z": 275.07
      },
      "arguments": [
        "5000"
      ],
      "note": ""
    },
    {
      "tag": 0,
      "name": "MoveTo",
      "position": {
        "X": 266,
        "Y": -27.94,
        "Z": 236.83
      },
      "arguments": [
        ""
      ],
      "note": ""
    },
    {
      "tag": 0,
      "name": "Interactable",
      "position": {
        "X": 202.12,
        "Y": -28.16,
        "Z": 195.95
      },
      "arguments": [
        "2005308"
      ],
      "note": "Lift Terminal"
    },
    {
      "tag": 0,
      "name": "Wait",
      "position": {
        "X": 202.77,
        "Y": -58.16,
        "Z": 195.56
      },
      "arguments": [
        "8000"
      ],
      "note": ""
    },
    {
      "tag": 0,
      "name": "MoveTo",
      "position": {
        "X": 201.85,
        "Y": -58.93,
        "Z": 124.45
      },
      "arguments": [
        ""
      ],
      "note": ""
    },
    {
      "tag": 0,
      "name": "Interactable",
      "position": {
        "X": 228.77,
        "Y": -59.27,
        "Z": 95.07
      },
      "arguments": [
        "2005309"
      ],
      "note": "Lift Terminal"
    },
    {
      "tag": 0,
      "name": "Wait",
      "position": {
        "X": 228.77,
        "Y": -59.27,
        "Z": 95.07
      },
      "arguments": [
        "8000"
      ],
      "note": ""
    },
    {
      "tag": 0,
      "name": "AutoMoveFor",
      "position": {
        "X": 227.97,
        "Y": -90.16,
        "Z": 49.87
      },
      "arguments": [
        "4000"
      ],
      "note": ""
    },
    {
      "tag": 0,
      "name": "Boss",
      "position": {
        "X": 230.03,
        "Y": -96.46,
        "Z": -180.82
      },
      "arguments": [
        ""
      ],
      "note": ""
    },
    {
      "tag": 4,
      "name": "Revival",
      "position": {
        "X": 0,
        "Y": 0,
        "Z": 0
      },
      "arguments": [
        ""
      ],
      "note": "CheckPoint3"
    },
    {
      "tag": 0,
      "name": "ConditionAction",
      "position": {
        "X": 0,
        "Y": 0,
        "Z": 0
      },
      "arguments": [
        "GetDistanceToPlayer;225.69,-89.45,66.97;\u003E;10\u0026ModifyIndex;27"
      ],
      "note": ""
    },
    {
      "tag": 0,
      "name": "MoveTo",
      "position": {
        "X": 228.7548,
        "Y": -96.45582,
        "Z": -163.05598
      },
      "arguments": [
        ""
      ],
      "note": ""
    },
    {
      "tag": 0,
      "name": "Boss",
      "position": {
        "X": 230.13,
        "Y": -456.46,
        "Z": 79.12
      },
      "arguments": [
        ""
      ],
      "note": ""
    }
  ],
  "interactables": [],
  "meta": {
    "createdAt": 106,
    "changelog": [
      {
        "version": 161,
        "change": "Converted to new JSON Structure"
      },
      {
        "version": 163,
        "change": "Converted to newer JSON Structure"
      },
      {
        "version": 164,
        "change": "Converted to JSON Structure with Tags"
      }
    ],
    "notes": []
  }
}