{
  "actions": [
    "MoveTo|-315.50, 220.00, 169.61|",
    "MoveTo|-315.25, 220.00, 146.02|",
    "AutoMoveFor|-315.28, 220.00, 139.54|4000",
    "MoveTo|-334.46, 255.00, 40.74|",
    "MoveTo|-347.81, 255.00, 11.23|",
    "AutoMoveFor|-350.17, 255.00, 6.31|3500",
    "MoveTo|-365.15, 290.00, -81.64|",
    "MoveTo|-364.99, 290.00, -121.03|",
    "AutoMoveFor|-365.01, 290.00, -127.28|3700",
    "Boss|-364.94, 325.00, -254.27|",
    "MoveTo|-364.99, 325.00, -262.52|",
    "AutoMoveFor|-365.04, 325.00, -272.95|11000",
    "MoveTo|191.18, 8.00, 231.03|",
    "MoveTo|151.05, -4.00, 167.94|",
    "Boss|185.36, -21.99, 137.40|",
    "MoveTo|199.77, -21.99, 137.50|",
    "AutoMoveFor|213.27, -22.10, 137.52|7000",
    "Wait|252.06, 0.68, -80.06|2000",
    "MoveTo|261.18, 0.17, -64.11|",
    "Wait|295.15, 0.66, -139.27|2000",
    "MoveTo|279.97, 0.17, -148.83|",
    "MoveTo|295.07, -0.71, -150.19|",
    "MoveTo|290.98, -6.20, -182.15|",
    "Boss|231.84, -9.45, -181.72|",
    "MoveTo|220.82, -9.46, -181.47|"
  ],
  "meta": {
    "createdAt": 106,
    "changelog": [],
    "notes": []
  }
}