{
  "actions": [
    "MoveTo|-400.16, 0.00, 90.05|",
    "MoveTo|-400.24, 4.46, -0.19|",
    "MoveTo|-400.83, 0.00, -70.23|",
    "Boss|-399.93, 8.00, -156.84|",
    "TreasureCoffer|-399.79, 8.00, -170.45|",
    "MoveTo|-399.56, 9.52, -187.51|",
    "MoveTo|407.55, 0.00, 391.87|",
    "MoveTo|386.70, 0.19, 366.56|",
    "TreasureCoffer|392.88, 0.00, 283.09|",
    "MoveTo|399.71, 8.32, 185.83|",
    "TreasureCoffer|412.22, 8.42, 174.14|",
    "MoveTo|400.07, 9.80, 153.81|",
    "Boss|400.31, 24.96, 108.67|",
    "TreasureCoffer|399.92, 24.96, 88.36|",
    "MoveTo|400.14, 24.94, 81.85|",
    "MoveTo|399.51, -60.00, -114.72|",
    "MoveTo|399.61, -58.48, -131.83|",
    "MoveTo|437.39, -40.00, -206.27|",
    "TreasureCoffer|445.76, -38.70, -220.30|",
    "MoveTo|366.02, -40.00, -224.11|",
    "TreasureCoffer|358.72, -40.00, -206.89|",
    "MoveTo|363.34, -38.48, -245.81|",
    "MoveTo|400.02, -20.00, -327.80|",
    "MoveTo|399.94, -18.48, -339.08|",
    "Boss|400.32, -54.97, -399.06|",
    "TreasureCoffer|400.15, -55.00, -409.60|"
  ],
  "meta": {
    "createdAt": 118,
    "changelog": [],
    "notes": []
  }
}
