{
  "actions": [
    "MoveTo|-263.93, 401.86, -297.87|",
    "MoveTo|-176.08, 398.19, -372.48|",
    "Boss|-109.84, 395.05, -295.64|",
    "AutoMoveFor|-47.49, 389.76, -246.70|1000",
    "Revival|0, 0, 0|Checkpoint1",
    "MoveTo|29.79, 212.09, 218.02|",
    "ForceAttack|29.86, 212.07, 218.06|",
    "MoveTo|110.17, 222.05, 270.08|",
    "ForceAttack|110.17, 222.05, 270.08|",
    "Boss|247.25, 225.14, 271.92|",
    "AutoMoveFor|324.80, 222.20, 271.98|4000",
    "MoveTo|-352.83, -299.98, -249.99|",
	"PausePandora|0, 0, 0|Auto-interact with Objects in Instances|5000",
	"Interactable|0, 0, 0|2005307 (Lift Terminal)",
    "Wait|-360.42, -299.98, -250.03|10000",
    "Wait|-362.95, -299.98, -255.14|10000",
    "MoveTo|-357.21, -299.98, -245.34|",
    "AutoMoveFor|-363.74, -299.98, -256.40|1000",
    "Wait|308.07, -27.92, 275.07|5000",
    "MoveTo|266.00, -27.94, 236.83|",
    "MoveTo|219.27, -27.97, 224.06|",
    "MoveTo|194.08, -27.99, 206.22|",
    "MoveTo|202.12, -28.16, 195.95|",
	"PausePandora|0, 0, 0|Auto-interact with Objects in Instances|5000",
	"Interactable|0, 0, 0|2005308 (Lift Terminal)",
    "Wait|202.77, -58.16, 195.56|8000",
    "MoveTo|201.85, -58.93, 124.45|",
    "MoveTo|228.77, -59.27, 95.07|",
	"PausePandora|0, 0, 0|Auto-interact with Objects in Instances|5000",
	"Interactable|0, 0, 0|2005309 (Lift Terminal)",
    "Wait|228.77, -59.27, 95.07|8000",
    "AutoMoveFor|227.97, -90.16, 49.87|4000",
    "Boss|230.03, -96.46, -182.83|",
    "AutoMoveFor|0, 0, 0|5000",
    "Boss|229.89, -456.46, 79.02|"
  ],
  "meta": {
    "createdAt": 106,
    "changelog": [],
    "notes": []
  }
}