{
  "actions": [
    {
      "tag": 0,
      "name": "MoveTo",
      "position": {
        "X": -321.74,
        "Y": 19.52,
        "Z": 237.92
      },
      "arguments": [
        ""
      ],
      "note": ""
    },
    {
      "tag": 0,
      "name": "AutoMoveFor",
      "position": {
        "X": -314.79,
        "Y": 19.75,
        "Z": 234.13
      },
      "arguments": [
        "10000"
      ],
      "note": ""
    },
    {
      "tag": 0,
      "name": "Boss",
      "position": {
        "X": -323.64,
        "Y": -0,
        "Z": 120.8
      },
      "arguments": [
        ""
      ],
      "note": ""
    },
    {
      "tag": 0,
      "name": "MoveTo",
      "position": {
        "X": -322.02,
        "Y": -0,
        "Z": 103.88
      },
      "arguments": [
        ""
      ],
      "note": ""
    },
    {
      "tag": 0,
      "name": "AutoMoveFor",
      "position": {
        "X": -322.08,
        "Y": 2.02,
        "Z": 84.88
      },
      "arguments": [
        "15000"
      ],
      "note": ""
    },
    {
      "tag": 0,
      "name": "MoveTo",
      "position": {
        "X": 233.08,
        "Y": 2.25,
        "Z": -5.26
      },
      "arguments": [
        ""
      ],
      "note": ""
    },
    {
      "tag": 0,
      "name": "MoveTo",
      "position": {
        "X": 249.84,
        "Y": 4.95,
        "Z": 9.75
      },
      "arguments": [
        ""
      ],
      "note": ""
    },
    {
      "tag": 0,
      "name": "MoveTo",
      "position": {
        "X": 263.18,
        "Y": 5.51,
        "Z": -3.24
      },
      "arguments": [
        ""
      ],
      "note": ""
    },
    {
      "tag": 0,
      "name": "AutoMoveFor",
      "position": {
        "X": 268.24,
        "Y": 6.46,
        "Z": -7.02
      },
      "arguments": [
        "8000"
      ],
      "note": ""
    },
    {
      "tag": 0,
      "name": "MoveTo",
      "position": {
        "X": 386.53,
        "Y": 41.34,
        "Z": -89.11
      },
      "arguments": [
        ""
      ],
      "note": ""
    },
    {
      "tag": 0,
      "name": "MoveTo",
      "position": {
        "X": 395.16,
        "Y": 45.57,
        "Z": -136.6
      },
      "arguments": [
        ""
      ],
      "note": ""
    },
    {
      "tag": 0,
      "name": "AutoMoveFor",
      "position": {
        "X": 396.6,
        "Y": 46.02,
        "Z": -142.09
      },
      "arguments": [
        "17000"
      ],
      "note": ""
    },
    {
      "tag": 0,
      "name": "Boss",
      "position": {
        "X": 425.12,
        "Y": 20,
        "Z": -439.8
      },
      "arguments": [
        ""
      ],
      "note": ""
    },
    {
      "tag": 0,
      "name": "MoveTo",
      "position": {
        "X": 424.92,
        "Y": 20,
        "Z": -452.34
      },
      "arguments": [
        ""
      ],
      "note": ""
    },
    {
      "tag": 0,
      "name": "AutoMoveFor",
      "position": {
        "X": 424.92,
        "Y": 20.51,
        "Z": -476.71
      },
      "arguments": [
        "20000"
      ],
      "note": ""
    },
    {
      "tag": 0,
      "name": "MoveTo",
      "position": {
        "X": -384.17,
        "Y": -801.78,
        "Z": -46.29
      },
      "arguments": [
        ""
      ],
      "note": ""
    },
    {
      "tag": 0,
      "name": "MoveTo",
      "position": {
        "X": -389.1,
        "Y": -814.33,
        "Z": -174.08
      },
      "arguments": [
        ""
      ],
      "note": ""
    },
    {
      "tag": 0,
      "name": "MoveTo",
      "position": {
        "X": -395.6,
        "Y": -814.66,
        "Z": -174.72
      },
      "arguments": [
        ""
      ],
      "note": ""
    },
    {
      "tag": 0,
      "name": "AutoMoveFor",
      "position": {
        "X": -395.32,
        "Y": -815.01,
        "Z": -181.16
      },
      "arguments": [
        "10000"
      ],
      "note": ""
    },
    {
      "tag": 0,
      "name": "ForceAttack",
      "position": {
        "X": -369.88,
        "Y": -873,
        "Z": -348.5
      },
      "arguments": [
        ""
      ],
      "note": ""
    },
    {
      "tag": 0,
      "name": "Boss",
      "position": {
        "X": -370.18,
        "Y": -873,
        "Z": -350.49
      },
      "arguments": [
        ""
      ],
      "note": ""
    },
    {
      "tag": 0,
      "name": "MoveTo",
      "position": {
        "X": -370.25,
        "Y": -873,
        "Z": -344.97
      },
      "arguments": [
        ""
      ],
      "note": ""
    }
  ],
  "interactables": [],
  "meta": {
    "createdAt": 106,
    "changelog": [
      {
        "version": 161,
        "change": "Converted to new JSON Structure"
      },
      {
        "version": 163,
        "change": "Converted to newer JSON Structure"
      },
      {
        "version": 164,
        "change": "Converted to JSON Structure with Tags"
      }
    ],
    "notes": []
  }
}