{
  "actions": [
    "MoveTo|-321.74, 19.52, 237.92|",
    "AutoMoveFor|-314.79, 19.75, 234.13|10000",
    "Boss|-323.64, -0.00, 120.80|",
    "MoveTo|-322.02, -0.00, 103.88|",
    "AutoMoveFor|-322.08, 2.02, 84.88|15000",
    "MoveTo|233.08, 2.25, -5.26|",
    "MoveTo|249.84, 4.95, 9.75|",
    "MoveTo|263.18, 5.51, -3.24|",
    "AutoMoveFor|268.24, 6.46, -7.02|8000",
    "MoveTo|386.53, 41.34, -89.11|",
    "MoveTo|395.16, 45.57, -136.60|",
    "AutoMoveFor|396.60, 46.02, -142.09|17000",
    "Boss|425.12, 20.00, -439.80|",
    "MoveTo|424.92, 20.00, -452.34|",
    "AutoMoveFor|424.92, 20.51, -476.71|20000",
    "MoveTo|-384.17, -801.78, -46.29|",
    "MoveTo|-389.10, -814.33, -174.08|",
    "MoveTo|-395.60, -814.66, -174.72|",
    "AutoMoveFor|-395.32, -815.01, -181.16|10000",
    "ForceAttack|-369.88, -873.00, -348.50|",
    "Boss|-370.18, -873.00, -350.49|",
    "MoveTo|-370.25, -873.00, -344.97|"
  ],
  "meta": {
    "createdAt": 106,
    "changelog": [],
    "notes": []
  }
}