{
  "actions": [
    {
      "tag": 0,
      "name": "Wait",
      "position": {
        "X": 145.46,
        "Y": 134,
        "Z": 815.67
      },
      "arguments": [
        "12000"
      ],
      "note": ""
    },
    {
      "tag": 0,
      "name": "Wait",
      "position": {
        "X": 145.07,
        "Y": 134,
        "Z": 802.19
      },
      "arguments": [
        "20000"
      ],
      "note": ""
    },
    {
      "tag": 0,
      "name": "Interactable",
      "position": {
        "X": 0,
        "Y": 0,
        "Z": 0
      },
      "arguments": [
        "2012809"
      ],
      "note": "Perceptive Portal"
    },
    {
      "tag": 0,
      "name": "Wait",
      "position": {
        "X": 0,
        "Y": 0,
        "Z": 0
      },
      "arguments": [
        "3000"
      ],
      "note": ""
    },
    {
      "tag": 0,
      "name": "Wait",
      "position": {
        "X": 690.81,
        "Y": 36.51,
        "Z": 486.31
      },
      "arguments": [
        "2000"
      ],
      "note": ""
    },
    {
      "tag": 0,
      "name": "Wait",
      "position": {
        "X": 727.71,
        "Y": 31.78,
        "Z": 421.24
      },
      "arguments": [
        "1000"
      ],
      "note": ""
    },
    {
      "tag": 0,
      "name": "Wait",
      "position": {
        "X": 683.97,
        "Y": 43.41,
        "Z": 360.63
      },
      "arguments": [
        "1000"
      ],
      "note": ""
    },
    {
      "tag": 0,
      "name": "Wait",
      "position": {
        "X": 737.23,
        "Y": 42,
        "Z": 277.2
      },
      "arguments": [
        "9000"
      ],
      "note": ""
    },
    {
      "tag": 0,
      "name": "Wait",
      "position": {
        "X": 0,
        "Y": 0,
        "Z": 0
      },
      "arguments": [
        "2000"
      ],
      "note": ""
    },
    {
      "tag": 0,
      "name": "MoveTo",
      "position": {
        "X": 737.16,
        "Y": 45.26,
        "Z": 257.56
      },
      "arguments": [
        ""
      ],
      "note": ""
    },
    {
      "tag": 0,
      "name": "Interactable",
      "position": {
        "X": 0,
        "Y": 0,
        "Z": 0
      },
      "arguments": [
        "2013343"
      ],
      "note": "Shojo Temple Entrance"
    },
    {
      "tag": 4,
      "name": "Revival",
      "position": {
        "X": 736.17,
        "Y": 45.45,
        "Z": 244.3
      },
      "arguments": [
        ""
      ],
      "note": ""
    },
    {
      "tag": 0,
      "name": "Boss",
      "position": {
        "X": 737.08,
        "Y": 46,
        "Z": 216.91
      },
      "arguments": [
        ""
      ],
      "note": ""
    },
    {
      "tag": 0,
      "name": "MoveTo",
      "position": {
        "X": 736.96,
        "Y": 46,
        "Z": 203.53
      },
      "arguments": [
        ""
      ],
      "note": ""
    },
    {
      "tag": 0,
      "name": "MoveTo",
      "position": {
        "X": 715.42,
        "Y": 45.26,
        "Z": 169.52
      },
      "arguments": [
        ""
      ],
      "note": ""
    },
    {
      "tag": 0,
      "name": "MoveTo",
      "position": {
        "X": 697.24,
        "Y": 57.23,
        "Z": 106.96
      },
      "arguments": [
        ""
      ],
      "note": ""
    },
    {
      "tag": 0,
      "name": "MoveTo",
      "position": {
        "X": 676.45,
        "Y": 54.32,
        "Z": 90.78
      },
      "arguments": [
        ""
      ],
      "note": ""
    },
    {
      "tag": 0,
      "name": "Wait",
      "position": {
        "X": 729.45,
        "Y": 57.24,
        "Z": 49.02
      },
      "arguments": [
        "30000"
      ],
      "note": ""
    },
    {
      "tag": 0,
      "name": "MoveTo",
      "position": {
        "X": 735.42,
        "Y": 57.24,
        "Z": 47.99
      },
      "arguments": [
        ""
      ],
      "note": ""
    },
    {
      "tag": 0,
      "name": "ChatCommand",
      "position": {
        "X": 0,
        "Y": 0,
        "Z": 0
      },
      "arguments": [
        "/autoduty config AutoManageRotationPluginState False"
      ],
      "note": ""
    },
    {
      "tag": 0,
      "name": "ChatCommand",
      "position": {
        "X": 0,
        "Y": 0,
        "Z": 0
      },
      "arguments": [
        "/rotation off"
      ],
      "note": ""
    },
    {
      "tag": 0,
      "name": "Wait",
      "position": {
        "X": 728.3,
        "Y": 57.24,
        "Z": 6.45
      },
      "arguments": [
        "25000"
      ],
      "note": ""
    },
    {
      "tag": 0,
      "name": "MoveTo",
      "position": {
        "X": 720.66,
        "Y": 57.24,
        "Z": 7
      },
      "arguments": [
        ""
      ],
      "note": ""
    },
    {
      "tag": 0,
      "name": "CameraFacing",
      "position": {
        "X": 720.66,
        "Y": 57.24,
        "Z": 9.18
      },
      "arguments": [
        "722.05, 62.47, 15.55"
      ],
      "note": ""
    },
    {
      "tag": 0,
      "name": "Jump",
      "position": {
        "X": 0,
        "Y": 0,
        "Z": 0
      },
      "arguments": [
        "200"
      ],
      "note": ""
    },
    {
      "tag": 0,
      "name": "Wait",
      "position": {
        "X": 0,
        "Y": 0,
        "Z": 0
      },
      "arguments": [
        "800"
      ],
      "note": ""
    },
    {
      "tag": 0,
      "name": "Jump",
      "position": {
        "X": 0,
        "Y": 0,
        "Z": 0
      },
      "arguments": [
        "201"
      ],
      "note": ""
    },
    {
      "tag": 0,
      "name": "Wait",
      "position": {
        "X": 0,
        "Y": 0,
        "Z": 0
      },
      "arguments": [
        "801"
      ],
      "note": ""
    },
    {
      "tag": 0,
      "name": "Jump",
      "position": {
        "X": 0,
        "Y": 0,
        "Z": 0
      },
      "arguments": [
        "202"
      ],
      "note": ""
    },
    {
      "tag": 0,
      "name": "Wait",
      "position": {
        "X": 0,
        "Y": 0,
        "Z": 0
      },
      "arguments": [
        "802"
      ],
      "note": ""
    },
    {
      "tag": 0,
      "name": "CameraFacing",
      "position": {
        "X": 722.09,
        "Y": 62.47,
        "Z": 16.24
      },
      "arguments": [
        "721.62, 65.26, 21.53"
      ],
      "note": ""
    },
    {
      "tag": 0,
      "name": "Jump",
      "position": {
        "X": 0,
        "Y": 0,
        "Z": 0
      },
      "arguments": [
        "203"
      ],
      "note": ""
    },
    {
      "tag": 0,
      "name": "Wait",
      "position": {
        "X": 0,
        "Y": 0,
        "Z": 0
      },
      "arguments": [
        "803"
      ],
      "note": ""
    },
    {
      "tag": 0,
      "name": "AutoMoveFor",
      "position": {
        "X": 0,
        "Y": 0,
        "Z": 0
      },
      "arguments": [
        "1000"
      ],
      "note": ""
    },
    {
      "tag": 0,
      "name": "CameraFacing",
      "position": {
        "X": 0,
        "Y": 0,
        "Z": 0
      },
      "arguments": [
        "719.73, 66.02, 21.87"
      ],
      "note": ""
    },
    {
      "tag": 0,
      "name": "AutoMoveFor",
      "position": {
        "X": 0,
        "Y": 0,
        "Z": 0
      },
      "arguments": [
        "500"
      ],
      "note": ""
    },
    {
      "tag": 0,
      "name": "CameraFacing",
      "position": {
        "X": 0,
        "Y": 0,
        "Z": 0
      },
      "arguments": [
        "716.51, 76.48, 36.53"
      ],
      "note": ""
    },
    {
      "tag": 0,
      "name": "AutoMoveFor",
      "position": {
        "X": 0,
        "Y": 0,
        "Z": 0
      },
      "arguments": [
        "6000"
      ],
      "note": ""
    },
    {
      "tag": 0,
      "name": "CameraFacing",
      "position": {
        "X": 0,
        "Y": 0,
        "Z": 0
      },
      "arguments": [
        "717.31, 76.48, 37.69"
      ],
      "note": ""
    },
    {
      "tag": 0,
      "name": "Jump",
      "position": {
        "X": 0,
        "Y": 0,
        "Z": 0
      },
      "arguments": [
        "204"
      ],
      "note": ""
    },
    {
      "tag": 0,
      "name": "Wait",
      "position": {
        "X": 0,
        "Y": 0,
        "Z": 0
      },
      "arguments": [
        "804"
      ],
      "note": ""
    },
    {
      "tag": 0,
      "name": "ChatCommand",
      "position": {
        "X": 0,
        "Y": 0,
        "Z": 0
      },
      "arguments": [
        "/autoduty config AutoManageRotationPluginState True"
      ],
      "note": ""
    },
    {
      "tag": 0,
      "name": "ChatCommand",
      "position": {
        "X": 0,
        "Y": 0,
        "Z": 0
      },
      "arguments": [
        "/rotation auto"
      ],
      "note": ""
    },
    {
      "tag": 0,
      "name": "Wait",
      "position": {
        "X": 712.88,
        "Y": 76.48,
        "Z": 37.61
      },
      "arguments": [
        "7000"
      ],
      "note": ""
    },
    {
      "tag": 0,
      "name": "Interactable",
      "position": {
        "X": 0,
        "Y": 0,
        "Z": 0
      },
      "arguments": [
        "2013345"
      ],
      "note": "Woven Rope"
    },
    {
      "tag": 0,
      "name": "Wait",
      "position": {
        "X": 693.12,
        "Y": 76.48,
        "Z": 16.3
      },
      "arguments": [
        "32000"
      ],
      "note": ""
    },
    {
      "tag": 0,
      "name": "StopForCombat",
      "position": {
        "X": 0,
        "Y": 0,
        "Z": 0
      },
      "arguments": [
        "False"
      ],
      "note": ""
    },
    {
      "tag": 0,
      "name": "CameraFacing",
      "position": {
        "X": 0,
        "Y": 0,
        "Z": 0
      },
      "arguments": [
        "692.45, 76.49, -3.12"
      ],
      "note": ""
    },
    {
      "tag": 0,
      "name": "DutySpecificCode",
      "position": {
        "X": 0,
        "Y": 0,
        "Z": 0
      },
      "arguments": [
        "12"
      ],
      "note": ""
    },
    {
      "tag": 0,
      "name": "MoveTo",
      "position": {
        "X": 692.45,
        "Y": 76.49,
        "Z": -3.12
      },
      "arguments": [
        ""
      ],
      "note": ""
    },
    {
      "tag": 0,
      "name": "MoveTo",
      "position": {
        "X": 682.79,
        "Y": 67.01,
        "Z": 34.22
      },
      "arguments": [
        ""
      ],
      "note": ""
    },
    {
      "tag": 0,
      "name": "MoveTo",
      "position": {
        "X": 723.33,
        "Y": 57.24,
        "Z": 57.58
      },
      "arguments": [
        ""
      ],
      "note": ""
    },
    {
      "tag": 0,
      "name": "Wait",
      "position": {
        "X": 0,
        "Y": 0,
        "Z": 0
      },
      "arguments": [
        "6001"
      ],
      "note": ""
    },
    {
      "tag": 0,
      "name": "DutySpecificCode",
      "position": {
        "X": 0,
        "Y": 0,
        "Z": 0
      },
      "arguments": [
        "13"
      ],
      "note": ""
    },
    {
      "tag": 0,
      "name": "MoveTo",
      "position": {
        "X": 721.12,
        "Y": 57.24,
        "Z": 50.46
      },
      "arguments": [
        ""
      ],
      "note": ""
    },
    {
      "tag": 0,
      "name": "MoveTo",
      "position": {
        "X": 681.23,
        "Y": 57.24,
        "Z": 51.64
      },
      "arguments": [
        ""
      ],
      "note": ""
    },
    {
      "tag": 0,
      "name": "Wait",
      "position": {
        "X": 0,
        "Y": 0,
        "Z": 0
      },
      "arguments": [
        "6002"
      ],
      "note": ""
    },
    {
      "tag": 0,
      "name": "DutySpecificCode",
      "position": {
        "X": 0,
        "Y": 0,
        "Z": 0
      },
      "arguments": [
        "13"
      ],
      "note": ""
    },
    {
      "tag": 0,
      "name": "MoveTo",
      "position": {
        "X": 690.44,
        "Y": 57.24,
        "Z": 57.54
      },
      "arguments": [
        ""
      ],
      "note": ""
    },
    {
      "tag": 0,
      "name": "StopForCombat",
      "position": {
        "X": 690.44,
        "Y": 57.24,
        "Z": 57.54
      },
      "arguments": [
        "True"
      ],
      "note": ""
    },
    {
      "tag": 0,
      "name": "ChatCommand",
      "position": {
        "X": 695.27,
        "Y": 57.24,
        "Z": 45.03
      },
      "arguments": [
        "/rotation Settings AoEType Full"
      ],
      "note": ""
    },
    {
      "tag": 0,
      "name": "Wait",
      "position": {
        "X": 695.27,
        "Y": 57.24,
        "Z": 45.03
      },
      "arguments": [
        "30000"
      ],
      "note": ""
    },
    {
      "tag": 0,
      "name": "Interactable",
      "position": {
        "X": 0,
        "Y": 0,
        "Z": 0
      },
      "arguments": [
        "2013346"
      ],
      "note": "Lantern of Passage"
    },
    {
      "tag": 0,
      "name": "Wait",
      "position": {
        "X": 0,
        "Y": 0,
        "Z": 0
      },
      "arguments": [
        "12000"
      ],
      "note": ""
    },
    {
      "tag": 0,
      "name": "Wait",
      "position": {
        "X": 895.29,
        "Y": 90,
        "Z": -861.81
      },
      "arguments": [
        "500"
      ],
      "note": ""
    },
    {
      "tag": 0,
      "name": "Wait",
      "position": {
        "X": 893.98,
        "Y": 90,
        "Z": -865.2
      },
      "arguments": [
        "500"
      ],
      "note": ""
    },
    {
      "tag": 4,
      "name": "Revival",
      "position": {
        "X": 900.08,
        "Y": 90,
        "Z": -871.98
      },
      "arguments": [
        ""
      ],
      "note": ""
    },
    {
      "tag": 0,
      "name": "Boss",
      "position": {
        "X": 899.52,
        "Y": 90,
        "Z": -901.69
      },
      "arguments": [
        ""
      ],
      "note": ""
    },
    {
      "tag": 0,
      "name": "Wait",
      "position": {
        "X": 899.95,
        "Y": 90,
        "Z": -917.04
      },
      "arguments": [
        "500"
      ],
      "note": ""
    }
  ],
  "interactables": [],
  "meta": {
    "createdAt": 106,
    "changelog": [
      {
        "version": 161,
        "change": "Converted to new JSON Structure"
      },
      {
        "version": 163,
        "change": "Converted to newer JSON Structure"
      },
      {
        "version": 164,
        "change": "Converted to JSON Structure with Tags"
      }
    ],
    "notes": []
  }
}