{
  "actions": [
	  "Wait|145.46, 134.00, 815.67|12000",
	  "Wait|154.60, 134.00, 806.16|20000",
	  "Interactable|0, 0, 0|2012810 (Perceptive Portal)",
	  "Wait|0, 0, 0|3000",
	  "Wait|34.67, 238.89, 352.14|1000",
	  "Wait|-23.71, 271.64, 251.17|2000",
	  "Wait|-8.50, 278.85, 193.35|4000",
	  "Wait|61.22, 283.34, 164.68|15000",
	  "MoveTo|62.40, 283.88, 159.03|",
	  "Interactable|0, 0, 0|2013367 (Rokkon Sentinel)",
	  "Revival|46.39, 309.03, 121.91|",
	  "Boss|46.81, 309.00, 88.95|",
	  "Wait|47.14, 309.00, 73.81|500",
	  "Wait|52.30, 308.15, 46.97|500",
	  "Wait|65.15, 321.47, -3.26|4000",
	  "Wait|40.34, 341.30, -63.69|5000",
	  "MoveTo|25.98, 342.19, -72.18|",
	  "ChatCommand|0, 0, 0|/ebow",
	  "Wait|0, 0, 0|20000",
	  "Interactable|0, 0, 0|2013382 (Hokora)",
	  "MoveTo|29.52, 342.05, -71.15|",
	  "AutoMoveFor|28.95, 342.31, -74.88|8000",
	  "MoveTo|15.39, 350.57, -123.85|",
	  "Wait|10.95, 356.17, -185.78|1000",
	  "Wait|-18.50, 360.83, -210.11|3000",
	  "MoveTo|-22.42, 360.48, -210.51|",
	  "Interactable|0, 0, 0|2013372 (Ancient Tree)",
	  "Wait|0, 0, 0|2500",
	  "AutoMoveFor|-24.31, 361.07, -213.29|4000",
	  "Wait|-34.81, 360.19, -238.62|500",
	  "Wait|-45.24, 359.99, -238.63|500",
	  "Revival|-40.05, 360.00, -275.84|",
	  "Boss|-40.27, 360.00, -301.85|",
	  "Wait|-40.22, 360.00, -310.12|500"
  ],
  "meta": {
    "createdAt": 106,
    "changelog": [],
    "notes": []
  }
}