{
  "actions": [
	  "Wait|145.46, 134.00, 815.67|12000",
	  "Wait|145.07, 134.00, 802.19|20000",
	  "Interactable|0, 0, 0|2012809 (Perceptive Portal)",
	  "Wait|0, 0, 0|3000",
	  "Wait|690.81, 36.51, 486.31|2000",
	  "Wait|727.71, 31.78, 421.24|1000",
	  "Wait|683.97, 43.41, 360.63|1000",
	  "Wait|737.23, 42.00, 277.20|9000",
	  "MoveTo|731.76, 45.26, 259.85|",
	  "Interactable|0, 0, 0|2013344 (Woven Rope)",
	  "Wait|0, 0, 0|2000",
	  "MoveTo|737.16, 45.26, 257.56|",
	  "Interactable|0, 0, 0|2013343 (Shojo Temple Entrance)",
	  "Revival|736.17, 45.45, 244.30|",
	  "Boss|737.08, 46.00, 216.91|",
	  "MoveTo|736.96, 46.00, 203.53|",
	  "Wait|758.03, 57.23, 103.14|7000",
	  "Wait|730.03, 57.24, 51.41|30000",
	  "MoveTo|735.42, 57.24, 47.99|",
	  "MoveTo|728.44, 57.24, 6.48|",
	  "MoveTo|743.37, 57.24, 11.51|",
	  "Wait|783.53, 76.47, -26.36|10000",
	  "PausePandora|0, 0, 0|20000",
	  "DutySpecificCode|784.27, 76.47, -22.37|5",
	  "Wait|783.98, 76.47, -27.01|3000",
	  "Wait|746.77, 89.73, -151.26|500",
	  "Wait|744.64, 89.73, -151.20|500",
	  "Revival|740.96, 89.73, -160.56|",
	  "Boss|740.97, 91.00, -192.50|",
	  "Wait|740.92, 91.00, -203.30|500"
  ],
  "meta": {
    "createdAt": 106,
    "changelog": [],
    "notes": []
  }
}