{
  "actions": [
    {
      "tag": 0,
      "name": "Wait",
      "position": {
        "X": 145.46,
        "Y": 134,
        "Z": 815.67
      },
      "arguments": [
        "12000"
      ],
      "note": ""
    },
    {
      "tag": 0,
      "name": "Wait",
      "position": {
        "X": 134.96,
        "Y": 134,
        "Z": 806.27
      },
      "arguments": [
        "20000"
      ],
      "note": ""
    },
    {
      "tag": 0,
      "name": "Interactable",
      "position": {
        "X": 0,
        "Y": 0,
        "Z": 0
      },
      "arguments": [
        "2012808"
      ],
      "note": "Perceptive Portal"
    },
    {
      "tag": 0,
      "name": "Wait",
      "position": {
        "X": 0,
        "Y": 0,
        "Z": 0
      },
      "arguments": [
        "3000"
      ],
      "note": ""
    },
    {
      "tag": 0,
      "name": "MoveTo",
      "position": {
        "X": -700.95,
        "Y": 58.75,
        "Z": 206.09
      },
      "arguments": [
        ""
      ],
      "note": ""
    },
    {
      "tag": 0,
      "name": "MoveTo",
      "position": {
        "X": -770.98,
        "Y": 49.11,
        "Z": 158.88
      },
      "arguments": [
        ""
      ],
      "note": ""
    },
    {
      "tag": 0,
      "name": "Wait",
      "position": {
        "X": -771.33,
        "Y": 49.86,
        "Z": 155.12
      },
      "arguments": [
        "4000"
      ],
      "note": ""
    },
    {
      "tag": 0,
      "name": "Wait",
      "position": {
        "X": -781.12,
        "Y": 45.32,
        "Z": 84.27
      },
      "arguments": [
        "4000"
      ],
      "note": ""
    },
    {
      "tag": 4,
      "name": "Revival",
      "position": {
        "X": -775.46,
        "Y": 41.51,
        "Z": 47.68
      },
      "arguments": [
        ""
      ],
      "note": ""
    },
    {
      "tag": 0,
      "name": "Boss",
      "position": {
        "X": -774.97,
        "Y": 41,
        "Z": 17
      },
      "arguments": [
        ""
      ],
      "note": ""
    },
    {
      "tag": 0,
      "name": "MoveTo",
      "position": {
        "X": -774.96,
        "Y": 41,
        "Z": -1.3
      },
      "arguments": [
        ""
      ],
      "note": ""
    },
    {
      "tag": 0,
      "name": "AutoMoveFor",
      "position": {
        "X": -775.15,
        "Y": 41,
        "Z": -27.35
      },
      "arguments": [
        "6000"
      ],
      "note": ""
    },
    {
      "tag": 0,
      "name": "MoveTo",
      "position": {
        "X": -701.45,
        "Y": 42,
        "Z": 709.63
      },
      "arguments": [
        ""
      ],
      "note": ""
    },
    {
      "tag": 0,
      "name": "Wait",
      "position": {
        "X": -730.69,
        "Y": 42.92,
        "Z": 707.21
      },
      "arguments": [
        "4000"
      ],
      "note": ""
    },
    {
      "tag": 0,
      "name": "MoveTo",
      "position": {
        "X": -736.27,
        "Y": 54.1,
        "Z": 674.26
      },
      "arguments": [
        ""
      ],
      "note": ""
    },
    {
      "tag": 0,
      "name": "Wait",
      "position": {
        "X": -692.34,
        "Y": 66,
        "Z": 675.7
      },
      "arguments": [
        "1000"
      ],
      "note": ""
    },
    {
      "tag": 0,
      "name": "Wait",
      "position": {
        "X": -700,
        "Y": 66,
        "Z": 676.37
      },
      "arguments": [
        "20000"
      ],
      "note": ""
    },
    {
      "tag": 0,
      "name": "PausePandora",
      "position": {
        "X": 0,
        "Y": 0,
        "Z": 0
      },
      "arguments": [
        ""
      ],
      "note": ""
    },
    {
      "tag": 0,
      "name": "MoveTo",
      "position": {
        "X": -705.87,
        "Y": 66,
        "Z": 687.05
      },
      "arguments": [
        ""
      ],
      "note": ""
    },
    {
      "tag": 0,
      "name": "Interactable",
      "position": {
        "X": 0,
        "Y": 0,
        "Z": 0
      },
      "arguments": [
        "2013317"
      ],
      "note": "Seiryu Statue"
    },
    {
      "tag": 0,
      "name": "MoveTo",
      "position": {
        "X": -694.19,
        "Y": 66,
        "Z": 687.6
      },
      "arguments": [
        ""
      ],
      "note": ""
    },
    {
      "tag": 0,
      "name": "Interactable",
      "position": {
        "X": 0,
        "Y": 0,
        "Z": 0
      },
      "arguments": [
        "2013316"
      ],
      "note": "Suzaku Statue"
    },
    {
      "tag": 0,
      "name": "Wait",
      "position": {
        "X": 0,
        "Y": 0,
        "Z": 0
      },
      "arguments": [
        "4000"
      ],
      "note": ""
    },
    {
      "tag": 0,
      "name": "Interactable",
      "position": {
        "X": -694.19,
        "Y": 66,
        "Z": 687.6
      },
      "arguments": [
        "2013316"
      ],
      "note": "Suzaku Statue"
    },
    {
      "tag": 0,
      "name": "MoveTo",
      "position": {
        "X": -700.06,
        "Y": 66,
        "Z": 682.42
      },
      "arguments": [
        ""
      ],
      "note": ""
    },
    {
      "tag": 0,
      "name": "Interactable",
      "position": {
        "X": 0,
        "Y": 0,
        "Z": 0
      },
      "arguments": [
        "2013318"
      ],
      "note": "Auspice Glass"
    },
    {
      "tag": 0,
      "name": "Wait",
      "position": {
        "X": -698.24,
        "Y": 66,
        "Z": 683.96
      },
      "arguments": [
        "9000"
      ],
      "note": ""
    },
    {
      "tag": 0,
      "name": "MoveTo",
      "position": {
        "X": -673.45,
        "Y": 66,
        "Z": 663.65
      },
      "arguments": [
        ""
      ],
      "note": ""
    },
    {
      "tag": 0,
      "name": "MoveTo",
      "position": {
        "X": -645.95,
        "Y": 61.86,
        "Z": 663.81
      },
      "arguments": [
        ""
      ],
      "note": ""
    },
    {
      "tag": 0,
      "name": "Wait",
      "position": {
        "X": -647.91,
        "Y": 62.18,
        "Z": 677.11
      },
      "arguments": [
        "1000"
      ],
      "note": ""
    },
    {
      "tag": 0,
      "name": "Wait",
      "position": {
        "X": -648.16,
        "Y": 62.23,
        "Z": 697.31
      },
      "arguments": [
        "7000"
      ],
      "note": ""
    },
    {
      "tag": 0,
      "name": "StopForCombat",
      "position": {
        "X": -648.4,
        "Y": 62.4,
        "Z": 699.21
      },
      "arguments": [
        "False"
      ],
      "note": ""
    },
    {
      "tag": 0,
      "name": "Wait",
      "position": {
        "X": -644.71,
        "Y": 61.85,
        "Z": 683.78
      },
      "arguments": [
        "10000"
      ],
      "note": ""
    },
    {
      "tag": 0,
      "name": "StopForCombat",
      "position": {
        "X": -665.89,
        "Y": 66,
        "Z": 707.73
      },
      "arguments": [
        "True"
      ],
      "note": ""
    },
    {
      "tag": 0,
      "name": "AutoMoveFor",
      "position": {
        "X": -670.35,
        "Y": 75.32,
        "Z": 731.19
      },
      "arguments": [
        "4000"
      ],
      "note": ""
    },
    {
      "tag": 0,
      "name": "Wait",
      "position": {
        "X": -698.93,
        "Y": -21.75,
        "Z": 578.88
      },
      "arguments": [
        "500"
      ],
      "note": ""
    },
    {
      "tag": 0,
      "name": "Wait",
      "position": {
        "X": -701.42,
        "Y": -21.75,
        "Z": 578.95
      },
      "arguments": [
        "500"
      ],
      "note": ""
    },
    {
      "tag": 4,
      "name": "Revival",
      "position": {
        "X": -700.45,
        "Y": -21.75,
        "Z": 572.91
      },
      "arguments": [
        ""
      ],
      "note": ""
    },
    {
      "tag": 0,
      "name": "Boss",
      "position": {
        "X": -700.33,
        "Y": -20,
        "Z": 539.2
      },
      "arguments": [
        ""
      ],
      "note": ""
    },
    {
      "tag": 0,
      "name": "Wait",
      "position": {
        "X": -699.96,
        "Y": -20,
        "Z": 524.25
      },
      "arguments": [
        "500"
      ],
      "note": ""
    }
  ],
  "interactables": [],
  "meta": {
    "createdAt": 106,
    "changelog": [
      {
        "version": 161,
        "change": "Converted to new JSON Structure"
      },
      {
        "version": 163,
        "change": "Converted to newer JSON Structure"
      },
      {
        "version": 164,
        "change": "Converted to JSON Structure with Tags"
      }
    ],
    "notes": []
  }
}