{
  "actions": [
	  "Wait|145.46, 134.00, 815.67|12000",
	  "Wait|154.60, 134.00, 806.16|20000",
	  "Interactable|0, 0, 0|2012810 (Perceptive Portal)",
	  "Wait|0, 0, 0|3000",
	  "Wait|34.67, 238.89, 352.14|1000",
	  "Wait|-23.71, 271.64, 251.17|2000",
	  "Wait|-8.50, 278.85, 193.35|4000",
	  "Revival|46.39, 309.03, 121.91|",
	  "Boss|46.81, 309.00, 88.95|",
	  "Wait|47.14, 309.00, 73.81|500",
	  "Wait|52.30, 308.15, 46.97|500",
	  "Wait|6.35, 316.81, -4.75|1000",
	  "MoveTo|10.35, 320.38, -36.77|",
	  "Interactable|0, 0, 0|2013368 (Stone of Protection)",
	  "Wait|-21.38, 331.37, -90.18|1000",
	  "MoveTo|-31.10, 334.49, -105.43|",
	  "Interactable|0, 0, 0|2013369 (Stone of Protection)",
	  "MoveTo|-54.87, 337.11, -124.23|",
	  "Interactable|0, 0, 0|2013370 (Stone of Protection)",
	  "Wait|-42.38, 339.90, -160.78|1000",
	  "MoveTo|-78.31, 351.60, -220.87|",
	  "Interactable|0, 0, 0|2013371 (Stone of Protection)",
	  "Wait|-45.24, 359.99, -238.67|500",
	  "Wait|-35.10, 360.17, -238.63|500",
	  "Revival|-39.82, 360.00, -269.37|",
	  "Boss|-40.02, 360.00, -301.57|",
	  "Wait|-39.63, 360.00, -310.08|500"
  ],
  "meta": {
    "createdAt": 106,
    "changelog": [],
    "notes": []
  }
}