{
  "actions": [
	  "Wait|145.46, 134.00, 815.67|12000",
	  "Wait|134.96, 134.00, 806.27|20000",
	  "Interactable|0, 0, 0|2012808 (Perceptive Portal)",
	  "Wait|0, 0, 0|3000",
	  "MoveTo|-700.95, 58.75, 206.09|",
	  "MoveTo|-770.98, 49.11, 158.88|",
	  "Wait|-771.33, 49.86, 155.12|4000",
	  "Wait|-781.12, 45.32, 84.27|4000",
	  "Revival|-775.46, 41.51, 47.68|",
	  "Boss|-774.97, 41.00, 17.00|",
	  "MoveTo|-774.96, 41.00, -1.30|",
	  "AutoMoveFor|-775.15, 41.00, -27.35|6000",
	  "MoveTo|-701.45, 42.00, 709.63|",
	  "Wait|-730.69, 42.92, 707.21|4000",
	  "MoveTo|-736.27, 54.10, 674.26|",
	  "Wait|-692.34, 66.00, 675.70|1000",
	  "Wait|-700.00, 66.00, 676.37|20000",
	  "PausePandora|0, 0, 0|Auto-interact with Objects in Instances|500000",
	  "MoveTo|-705.87, 66.00, 687.05|",
	  "Interactable|0, 0, 0|2013317 (Seiryu Statue)",
	  "MoveTo|-694.19, 66.00, 687.60|",
	  "Interactable|0, 0, 0|2013316 (Suzaku Statue)",
	  "Wait|0, 0, 0|4000",
	  "Interactable|-694.19, 66.00, 687.60|2013316 (Suzaku Statue)",
	  "MoveTo|-700.06, 66.00, 682.42|",
	  "Interactable|0, 0, 0|2013318 (Auspice Glass)",
	  "Wait|-698.24, 66.00, 683.96|9000",
	  "MoveTo|-673.45, 66.00, 663.65|",
	  "MoveTo|-645.95, 61.86, 663.81|",
	  "Wait|-647.91, 62.18, 677.11|1000",
	  "Wait|-648.16, 62.23, 697.31|7000",
	  "ChatCommand|0, 0, 0|/vbmai off",
	  "MoveTo|-665.89, 66.00, 707.73|",
	  "AutoMoveFor|-670.35, 75.32, 731.19|4000",
	  "ChatCommand|0, 0, 0|/vbmai on",
	  "Wait|-698.93, -21.75, 578.88|500",
	  "Wait|-701.42, -21.75, 578.95|500",
	  "Revival|-700.45, -21.75, 572.91|",
	  "Boss|-700.33, -20.00, 539.20|",
	  "Wait|-699.96, -20.00, 524.25|500"
  ],
  "meta": {
    "createdAt": 106,
    "changelog": [],
    "notes": []
  }
}