{
  "actions": [
	  "Wait|145.46, 134.00, 815.67|12000",
	  "Wait|134.96, 134.00, 806.27|20000",
	  "Interactable|0, 0, 0|2012808 (Perceptive Portal)",
	  "Wait|0, 0, 0|3000",
	  "MoveTo|-700.95, 58.75, 206.09|",
	  "MoveTo|-770.98, 49.11, 158.88|",
	  "Wait|-771.33, 49.86, 155.12|4000",
	  "Wait|-781.12, 45.32, 84.27|4000",
	  "Revival|-775.46, 41.51, 47.68|",
	  "Boss|-774.97, 41.00, 17.00|",
	  "MoveTo|-774.96, 41.00, -1.30|",
	  "AutoMoveFor|-775.15, 41.00, -27.35|6000",
	  "MoveTo|-701.45, 42.00, 709.63|",
	  "Wait|-730.69, 42.92, 707.21|4000",
	  "MoveTo|-736.27, 54.10, 674.26|",
	  "Wait|-692.34, 66.00, 675.70|1000",
	  "Wait|-700.00, 66.00, 676.37|20000",
	  "PausePandora|0, 0, 0|Auto-interact with Objects in Instances|100000",
	  "MoveTo|-700.06, 66.00, 682.42|",
	  "Interactable|0, 0, 0|2013318 (Auspice Glass)",
	  "MoveTo|-701.44, 66.00, 681.77|",
	  "MoveTo|-702.22, 66.00, 725.67|",
	  "Wait|-722.78, 66.00, 716.37|8000",
	  "Wait|-727.76, 66.00, 700.72|7000",
	  "MoveTo|-736.54, 66.00, 709.66|",
	  "AutoMoveFor|-717.56, 85.34, 736.89|4000",
	  "Wait|-702.40, -21.75, 579.02|500",
	  "Wait|-699.33, -21.75, 578.84|500",
	  "Revival|-699.99, -21.75, 575.51|",
	  "Boss|-699.99, -20.00, 535.85|",
  "MoveTo|-700.09, -20.00, 524.21|"
  ],
  "meta": {
    "createdAt": 106,
    "changelog": [],
    "notes": []
  }
}