{
  "actions": [
	"Wait|145.46, 134.00, 815.67|12000",
	"Wait|145.07, 134.00, 802.19|20000",
	"Interactable|0, 0, 0|2012809 (Perceptive Portal)",
	"Wait|0, 0, 0|3000",
	"Wait|690.81, 36.51, 486.31|2000",
	"Wait|727.71, 31.78, 421.24|1000",
	"Wait|683.97, 43.41, 360.63|1000",
	"Wait|737.23, 42.00, 277.20|9000",
	"Wait|0, 0, 0|2000",
	"MoveTo|737.16, 45.26, 257.56|",
	"Interactable|0, 0, 0|2013343 (Shojo Temple Entrance)",
	"Revival|736.17, 45.45, 244.30|",
	"Boss|737.08, 46.00, 216.91|",
	"MoveTo|736.96, 46.00, 203.53|",
	"MoveTo|715.42, 45.26, 169.52|",
	"MoveTo|697.24, 57.23, 106.96|",
	"MoveTo|676.45, 54.32, 90.78|",
	"Wait|729.45, 57.24, 49.02|30000",
	"MoveTo|735.42, 57.24, 47.99|",
	"ChatCommand|0, 0, 0|/autoduty config AutoManageRSRState False",
	"ChatCommand|0, 0, 0|/rotation off",
	"Wait|728.30, 57.24, 6.45|25000",
	"MoveTo|720.66, 57.24, 7.00|",
	"CameraFacing|720.66, 57.24, 9.18|722.05, 62.47, 15.55",
	"Jump|0, 0, 0|200",
	"Wait|0, 0, 0|800",
	"Jump|0, 0, 0|201",
	"Wait|0, 0, 0|801",
	"Jump|0, 0, 0|202",
	"Wait|0, 0, 0|802",
	"CameraFacing|722.09, 62.47, 16.24|721.62, 65.26, 21.53",
	"Jump|0, 0, 0|203",
	"Wait|0, 0, 0|803",
	"AutoMoveFor|0, 0, 0|1000",
	"CameraFacing|0, 0, 0|719.73, 66.02, 21.87",
	"AutoMoveFor|0, 0, 0|500",
	"CameraFacing|0, 0, 0|716.51, 76.48, 36.53",
	"AutoMoveFor|0, 0, 0|6000",
	"CameraFacing|0, 0, 0|717.31, 76.48, 37.69",
	"Jump|0, 0, 0|204",
	"Wait|0, 0, 0|804",
	"ChatCommand|0, 0, 0|/autoduty config AutoManageRSRState True",
	"ChatCommand|0, 0, 0|/rotation auto",
	"Wait|712.88, 76.48, 37.61|7000",
	"Interactable|0, 0, 0|2013345 (Woven Rope)",
	"Wait|693.12, 76.48, 16.30|28000",
	"StopForCombat|0, 0, 0|False",
	"CameraFacing|0, 0, 0|692.45, 76.49, -3.12",
	"DutySpecificCode|0, 0, 0|12",
	"MoveTo|692.45, 76.49, -3.12|",
	"MoveTo|682.79, 67.01, 34.22|",
	"MoveTo|723.33, 57.24, 57.58|",
	"Wait|0, 0, 0|6001",
	"DutySpecificCode|0, 0, 0|13",
	"MoveTo|721.12, 57.24, 50.46|",
	"MoveTo|681.23, 57.24, 51.64|",
	"Wait|0, 0, 0|6002",
	"DutySpecificCode|0, 0, 0|13",
	"MoveTo|690.44, 57.24, 57.54|",
	"StopForCombat|690.44, 57.24, 57.54|True",
	"ChatCommand|695.27, 57.24, 45.03|/rotation Settings AoEType Full",
	"Wait|695.27, 57.24, 45.03|30000",
	"Interactable|0, 0, 0|2013346 (Lantern of Passage)",
	"Wait|0, 0, 0|12000",
	"Wait|895.29, 90.00, -861.81|500",
	"Wait|893.98, 90.00, -865.20|500",
	"Revival|900.08, 90.00, -871.98|",
	"Boss|899.52, 90.00, -901.69|",
	"Wait|899.95, 90.00, -917.04|500"
  ],
  "meta": {
    "createdAt": 106,
    "changelog": [],
    "notes": []
  }
}