{
  "actions": [
    "Boss|3.42, -0.50, 242.52|",
    "MoveTo|3.87, -0.50, 229.99|",
    "AutoMoveFor|4.07, -0.32, 215.70|3000",
    "MoveTo|-25.52, -32.15, 186.01|",
    "MoveTo|-30.10, -44.18, 85.56|",
    "MoveTo|-28.89, -45.00, -15.13|",
    "Boss|-28.15, -45.00, -24.90|",
    "MoveTo|-28.12, -45.00, -28.23|",
    "AutoMoveFor|-28.00, -45.40, -39.69|15000",
    "MoveTo|-48.59, -163.02, -159.63|",
    "AutoMoveFor|-48.68, -162.77, -170.65|3500",
    "MoveTo|-5.48, -185.75, -267.53|",
    "MoveTo|24.49, -173.03, -385.83|",
    "MoveTo|36.69, -172.68, -397.18|",
    "MoveTo|24.20, -167.40, -452.65|",
    "Boss|23.73, -167.60, -481.06|",
    "MoveTo|23.94, -167.50, -483.28|"
  ],
  "meta": {
    "createdAt": 106,
    "changelog": [],
    "notes": []
  }
}