{
  "actions": [
    {
      "tag": 3,
      "name": "\u003C-- Comment --\u003E",
      "position": {
        "X": 0,
        "Y": 0,
        "Z": 0
      },
      "arguments": [
        ""
      ],
      "note": "\u003C-- Trash Pack / \u96D1\u9B5A 1 --\u003E"
    },
    {
      "tag": 3,
      "name": "\u003C-- Comment --\u003E",
      "position": {
        "X": 0,
        "Y": 0,
        "Z": 0
      },
      "arguments": [
        ""
      ],
      "note": "\u003C-- Not double-pulling here cuz too far away --\u003E"
    },
    {
      "tag": 0,
      "name": "StopForCombat",
      "position": {
        "X": -426.21,
        "Y": -16,
        "Z": 294.63
      },
      "arguments": [
        "False"
      ],
      "note": ""
    },
    {
      "tag": 0,
      "name": "StopForCombat",
      "position": {
        "X": -381.42,
        "Y": -10,
        "Z": 246.99
      },
      "arguments": [
        "True"
      ],
      "note": ""
    },
    {
      "tag": 3,
      "name": "\u003C-- Comment --\u003E",
      "position": {
        "X": 0,
        "Y": 0,
        "Z": 0
      },
      "arguments": [
        ""
      ],
      "note": "\u003C-- Trash Packs / \u96D1\u9B5A 2 - 5 --\u003E"
    },
    {
      "tag": 0,
      "name": "StopForCombat",
      "position": {
        "X": -267.59,
        "Y": -6.25,
        "Z": 95.07
      },
      "arguments": [
        "False"
      ],
      "note": ""
    },
    {
      "tag": 0,
      "name": "StopForCombat",
      "position": {
        "X": -226.9,
        "Y": -6.42,
        "Z": 53.56
      },
      "arguments": [
        "True"
      ],
      "note": ""
    },
    {
      "tag": 3,
      "name": "\u003C-- Comment --\u003E",
      "position": {
        "X": 0,
        "Y": 0,
        "Z": 0
      },
      "arguments": [
        ""
      ],
      "note": "\u003C-- Boss / \u30DC\u30B9 1 --\u003E"
    },
    {
      "tag": 0,
      "name": "Boss",
      "position": {
        "X": -213.33,
        "Y": -2,
        "Z": 204.36
      },
      "arguments": [
        ""
      ],
      "note": ""
    },
    {
      "tag": 3,
      "name": "\u003C-- Comment --\u003E",
      "position": {
        "X": 0,
        "Y": 0,
        "Z": 0
      },
      "arguments": [
        ""
      ],
      "note": "\u003C-- Trash Pack / \u96D1\u9B5A 6 --\u003E"
    },
    {
      "tag": 0,
      "name": "StopForCombat",
      "position": {
        "X": -210.35,
        "Y": -0.02,
        "Z": 244.56
      },
      "arguments": [
        "False"
      ],
      "note": ""
    },
    {
      "tag": 0,
      "name": "ForceAttack",
      "position": {
        "X": -167.55,
        "Y": 2,
        "Z": 273.54
      },
      "arguments": [
        ""
      ],
      "note": ""
    },
    {
      "tag": 0,
      "name": "StopForCombat",
      "position": {
        "X": 0,
        "Y": 0,
        "Z": 0
      },
      "arguments": [
        "True"
      ],
      "note": ""
    },
    {
      "tag": 3,
      "name": "\u003C-- Comment --\u003E",
      "position": {
        "X": 0,
        "Y": 0,
        "Z": 0
      },
      "arguments": [
        ""
      ],
      "note": "\u003C-- Trash Pack / \u96D1\u9B5A 7 --\u003E"
    },
    {
      "tag": 0,
      "name": "StopForCombat",
      "position": {
        "X": -146.72,
        "Y": 3.99,
        "Z": 308.07
      },
      "arguments": [
        "False"
      ],
      "note": ""
    },
    {
      "tag": 0,
      "name": "StopForCombat",
      "position": {
        "X": -99.91,
        "Y": 6,
        "Z": 311.01
      },
      "arguments": [
        "True"
      ],
      "note": ""
    },
    {
      "tag": 5,
      "name": "TreasureCoffer",
      "position": {
        "X": -101.52,
        "Y": 5.96,
        "Z": 282.57
      },
      "arguments": [
        ""
      ],
      "note": ""
    },
    {
      "tag": 3,
      "name": "\u003C-- Comment --\u003E",
      "position": {
        "X": 0,
        "Y": 0,
        "Z": 0
      },
      "arguments": [
        ""
      ],
      "note": "\u003C-- Trash Pack / \u96D1\u9B5A 8 --\u003E"
    },
    {
      "tag": 0,
      "name": "StopForCombat",
      "position": {
        "X": -56.52,
        "Y": 7.98,
        "Z": 308.75
      },
      "arguments": [
        "False"
      ],
      "note": ""
    },
    {
      "tag": 0,
      "name": "ForceAttack",
      "position": {
        "X": -28.84,
        "Y": 10,
        "Z": 266.08
      },
      "arguments": [
        ""
      ],
      "note": ""
    },
    {
      "tag": 0,
      "name": "StopForCombat",
      "position": {
        "X": 0,
        "Y": 0,
        "Z": 0
      },
      "arguments": [
        "True"
      ],
      "note": ""
    },
    {
      "tag": 5,
      "name": "TreasureCoffer",
      "position": {
        "X": -3.12,
        "Y": 9.96,
        "Z": 297.43
      },
      "arguments": [
        ""
      ],
      "note": ""
    },
    {
      "tag": 3,
      "name": "\u003C-- Comment --\u003E",
      "position": {
        "X": 0,
        "Y": 0,
        "Z": 0
      },
      "arguments": [
        ""
      ],
      "note": "\u003C-- Boss / \u30DC\u30B9 2 --\u003E"
    },
    {
      "tag": 0,
      "name": "Boss",
      "position": {
        "X": 10.49,
        "Y": 14,
        "Z": 173.43
      },
      "arguments": [
        ""
      ],
      "note": ""
    },
    {
      "tag": 3,
      "name": "\u003C-- Comment --\u003E",
      "position": {
        "X": 0,
        "Y": 0,
        "Z": 0
      },
      "arguments": [
        ""
      ],
      "note": "\u003C-- Trash Packs / \u96D1\u9B5A 9 \u0026 10 --\u003E"
    },
    {
      "tag": 0,
      "name": "StopForCombat",
      "position": {
        "X": 67.67,
        "Y": 15.97,
        "Z": 183.85
      },
      "arguments": [
        "False"
      ],
      "note": ""
    },
    {
      "tag": 0,
      "name": "MoveTo",
      "position": {
        "X": 151.99,
        "Y": 20.05,
        "Z": 111.11
      },
      "arguments": [
        ""
      ],
      "note": ""
    },
    {
      "tag": 1,
      "name": "Wait",
      "position": {
        "X": 0,
        "Y": 0,
        "Z": 0
      },
      "arguments": [
        "4200"
      ],
      "note": ""
    },
    {
      "tag": 5,
      "name": "TreasureCoffer",
      "position": {
        "X": 177.71,
        "Y": 20.1,
        "Z": 86.55
      },
      "arguments": [
        ""
      ],
      "note": ""
    },
    {
      "tag": 1,
      "name": "StopForCombat",
      "position": {
        "X": 151.77,
        "Y": 20.1,
        "Z": 103.32
      },
      "arguments": [
        "True"
      ],
      "note": ""
    },
    {
      "tag": 2,
      "name": "StopForCombat",
      "position": {
        "X": 0,
        "Y": 0,
        "Z": 0
      },
      "arguments": [
        "True"
      ],
      "note": ""
    },
    {
      "tag": 3,
      "name": "\u003C-- Comment --\u003E",
      "position": {
        "X": 0,
        "Y": 0,
        "Z": 0
      },
      "arguments": [
        ""
      ],
      "note": "\u003C-- Trash Pack / \u96D1\u9B5A 11 --\u003E"
    },
    {
      "tag": 0,
      "name": "MoveTo",
      "position": {
        "X": 208.1,
        "Y": 20.05,
        "Z": 47.24
      },
      "arguments": [
        ""
      ],
      "note": ""
    },
    {
      "tag": 3,
      "name": "\u003C-- Comment --\u003E",
      "position": {
        "X": 0,
        "Y": 0,
        "Z": 0
      },
      "arguments": [
        ""
      ],
      "note": "\u003C-- Trash Pack / \u96D1\u9B5A 12 --\u003E"
    },
    {
      "tag": 0,
      "name": "StopForCombat",
      "position": {
        "X": 224.49,
        "Y": 20,
        "Z": 33.54
      },
      "arguments": [
        "False"
      ],
      "note": ""
    },
    {
      "tag": 0,
      "name": "StopForCombat",
      "position": {
        "X": 260.41,
        "Y": 20.11,
        "Z": 40.38
      },
      "arguments": [
        "True"
      ],
      "note": ""
    },
    {
      "tag": 5,
      "name": "TreasureCoffer",
      "position": {
        "X": 272.18,
        "Y": 20,
        "Z": 55.76
      },
      "arguments": [
        ""
      ],
      "note": ""
    },
    {
      "tag": 3,
      "name": "\u003C-- Comment --\u003E",
      "position": {
        "X": 0,
        "Y": 0,
        "Z": 0
      },
      "arguments": [
        ""
      ],
      "note": "\u003C-- Boss / \u30DC\u30B9 3 --\u003E"
    },
    {
      "tag": 0,
      "name": "Boss",
      "position": {
        "X": 287.07,
        "Y": 19.99,
        "Z": -44.32
      },
      "arguments": [
        ""
      ],
      "note": ""
    }
  ],
  "interactables": [],
  "meta": {
    "createdAt": 155,
    "changelog": [
      {
        "version": 161,
        "change": "Converted to new JSON Structure"
      },
      {
        "version": 163,
        "change": "Converted to newer JSON Structure"
      },
      {
        "version": 164,
        "change": "Converted to JSON Structure with Tags"
      }
    ],
    "notes": []
  }
}