{
  "actions": [
    {
      "tag": 3,
      "name": "\u003C-- Comment --\u003E",
      "position": {
        "X": 0,
        "Y": 0,
        "Z": 0
      },
      "arguments": [
        ""
      ],
      "note": "\u003C-- Trash Packs / \u96D1\u9B5A 1 \u0026 2 --\u003E"
    },
    {
      "tag": 0,
      "name": "StopForCombat",
      "position": {
        "X": 6.98,
        "Y": 16.35,
        "Z": -456.29
      },
      "arguments": [
        "False"
      ],
      "note": ""
    },
    {
      "tag": 0,
      "name": "StopForCombat",
      "position": {
        "X": 2.27,
        "Y": 16.35,
        "Z": -421.01
      },
      "arguments": [
        "True"
      ],
      "note": ""
    },
    {
      "tag": 0,
      "name": "Wait",
      "position": {
        "X": 0,
        "Y": 0,
        "Z": 0
      },
      "arguments": [
        "10000"
      ],
      "note": ""
    },
    {
      "tag": 3,
      "name": "\u003C-- Comment --\u003E",
      "position": {
        "X": 0,
        "Y": 0,
        "Z": 0
      },
      "arguments": [
        ""
      ],
      "note": "\u003C-- Movement / \u52D5\u304D --\u003E"
    },
    {
      "tag": 0,
      "name": "StopForCombat",
      "position": {
        "X": 0.02,
        "Y": 23.85,
        "Z": -394.89
      },
      "arguments": [
        "False"
      ],
      "note": ""
    },
    {
      "tag": 0,
      "name": "Wait",
      "position": {
        "X": 0,
        "Y": 0,
        "Z": 0
      },
      "arguments": [
        "8000"
      ],
      "note": ""
    },
    {
      "tag": 0,
      "name": "MoveTo",
      "position": {
        "X": -1.67,
        "Y": 26.18,
        "Z": -379.35
      },
      "arguments": [
        ""
      ],
      "note": ""
    },
    {
      "tag": 3,
      "name": "\u003C-- Comment --\u003E",
      "position": {
        "X": 0,
        "Y": 0,
        "Z": 0
      },
      "arguments": [
        ""
      ],
      "note": "\u003C-- Trash Packs / \u96D1\u9B5A 3 \u0026 4 --\u003E"
    },
    {
      "tag": 0,
      "name": "MoveTo",
      "position": {
        "X": -20.82,
        "Y": 6.78,
        "Z": -342.11
      },
      "arguments": [
        ""
      ],
      "note": ""
    },
    {
      "tag": 1,
      "name": "Wait",
      "position": {
        "X": 0,
        "Y": 0,
        "Z": 0
      },
      "arguments": [
        "2200"
      ],
      "note": ""
    },
    {
      "tag": 0,
      "name": "MoveTo",
      "position": {
        "X": 9.41,
        "Y": 1.94,
        "Z": -311.25
      },
      "arguments": [
        ""
      ],
      "note": ""
    },
    {
      "tag": 1,
      "name": "StopForCombat",
      "position": {
        "X": -12.43,
        "Y": 3.85,
        "Z": -325.57
      },
      "arguments": [
        "True"
      ],
      "note": ""
    },
    {
      "tag": 2,
      "name": "StopForCombat",
      "position": {
        "X": 0,
        "Y": 0,
        "Z": 0
      },
      "arguments": [
        "True"
      ],
      "note": ""
    },
    {
      "tag": 3,
      "name": "\u003C-- Comment --\u003E",
      "position": {
        "X": 0,
        "Y": 0,
        "Z": 0
      },
      "arguments": [
        ""
      ],
      "note": "\u003C-- Boss / \u30DC\u30B9 1 --\u003E"
    },
    {
      "tag": 0,
      "name": "Boss",
      "position": {
        "X": -2.91,
        "Y": 2.9,
        "Z": -204.68
      },
      "arguments": [
        ""
      ],
      "note": ""
    },
    {
      "tag": 3,
      "name": "\u003C-- Comment --\u003E",
      "position": {
        "X": 0,
        "Y": 0,
        "Z": 0
      },
      "arguments": [
        ""
      ],
      "note": "\u003C-- Trash Packs / \u96D1\u9B5A 5 \u0026 6 --\u003E"
    },
    {
      "tag": 0,
      "name": "MoveTo",
      "position": {
        "X": -12.12,
        "Y": 18.76,
        "Z": -148.05
      },
      "arguments": [
        ""
      ],
      "note": ""
    },
    {
      "tag": 0,
      "name": "StopForCombat",
      "position": {
        "X": -1.36,
        "Y": 5.76,
        "Z": -108.78
      },
      "arguments": [
        "False"
      ],
      "note": ""
    },
    {
      "tag": 1,
      "name": "Rotation",
      "position": {
        "X": 0,
        "Y": 0,
        "Z": 0
      },
      "arguments": [
        "Off"
      ],
      "note": ""
    },
    {
      "tag": 5,
      "name": "TreasureCoffer",
      "position": {
        "X": 3.21,
        "Y": 6.06,
        "Z": -97.63
      },
      "arguments": [
        ""
      ],
      "note": ""
    },
    {
      "tag": 0,
      "name": "MoveTo",
      "position": {
        "X": -20.19,
        "Y": 5.95,
        "Z": -48.73
      },
      "arguments": [
        ""
      ],
      "note": ""
    },
    {
      "tag": 1,
      "name": "Rotation",
      "position": {
        "X": 0,
        "Y": 0,
        "Z": 0
      },
      "arguments": [
        "On"
      ],
      "note": ""
    },
    {
      "tag": 1,
      "name": "StopForCombat",
      "position": {
        "X": 14.49,
        "Y": 4.5,
        "Z": -67.37
      },
      "arguments": [
        "True"
      ],
      "note": ""
    },
    {
      "tag": 2,
      "name": "StopForCombat",
      "position": {
        "X": 0,
        "Y": 0,
        "Z": 0
      },
      "arguments": [
        "True"
      ],
      "note": ""
    },
    {
      "tag": 3,
      "name": "\u003C-- Comment --\u003E",
      "position": {
        "X": 0,
        "Y": 0,
        "Z": 0
      },
      "arguments": [
        ""
      ],
      "note": "\u003C-- Movement / \u52D5\u304D --\u003E"
    },
    {
      "tag": 0,
      "name": "MoveTo",
      "position": {
        "X": -71.03,
        "Y": 14.45,
        "Z": -30.08
      },
      "arguments": [
        ""
      ],
      "note": ""
    },
    {
      "tag": 0,
      "name": "MoveTo",
      "position": {
        "X": -74.17,
        "Y": 12.74,
        "Z": -28.65
      },
      "arguments": [
        ""
      ],
      "note": ""
    },
    {
      "tag": 5,
      "name": "TreasureCoffer",
      "position": {
        "X": -84.92,
        "Y": 12.49,
        "Z": -29.23
      },
      "arguments": [
        ""
      ],
      "note": ""
    },
    {
      "tag": 0,
      "name": "MoveTo",
      "position": {
        "X": -58.48,
        "Y": 21.08,
        "Z": 9.83
      },
      "arguments": [
        ""
      ],
      "note": ""
    },
    {
      "tag": 3,
      "name": "\u003C-- Comment --\u003E",
      "position": {
        "X": 0,
        "Y": 0,
        "Z": 0
      },
      "arguments": [
        ""
      ],
      "note": "\u003C-- Trash Pack / \u96D1\u9B5A 7 --\u003E"
    },
    {
      "tag": 0,
      "name": "StopForCombat",
      "position": {
        "X": -56.64,
        "Y": 18.35,
        "Z": 14.17
      },
      "arguments": [
        "False"
      ],
      "note": ""
    },
    {
      "tag": 0,
      "name": "StopForCombat",
      "position": {
        "X": -28,
        "Y": 16.35,
        "Z": 15.63
      },
      "arguments": [
        "True"
      ],
      "note": ""
    },
    {
      "tag": 3,
      "name": "\u003C-- Comment --\u003E",
      "position": {
        "X": 0,
        "Y": 0,
        "Z": 0
      },
      "arguments": [
        ""
      ],
      "note": "\u003C-- Boss / \u30DC\u30B9 2 --\u003E"
    },
    {
      "tag": 0,
      "name": "Boss",
      "position": {
        "X": -8.42,
        "Y": 4.45,
        "Z": 91.4
      },
      "arguments": [
        ""
      ],
      "note": ""
    },
    {
      "tag": 3,
      "name": "\u003C-- Comment --\u003E",
      "position": {
        "X": 0,
        "Y": 0,
        "Z": 0
      },
      "arguments": [
        ""
      ],
      "note": "\u003C-- Trash Pack / \u96D1\u9B5A 8 --\u003E"
    },
    {
      "tag": 0,
      "name": "StopForCombat",
      "position": {
        "X": -13.14,
        "Y": 1.13,
        "Z": 137
      },
      "arguments": [
        "False"
      ],
      "note": ""
    },
    {
      "tag": 0,
      "name": "StopForCombat",
      "position": {
        "X": -15.23,
        "Y": -1.18,
        "Z": 168.41
      },
      "arguments": [
        "True"
      ],
      "note": ""
    },
    {
      "tag": 3,
      "name": "\u003C-- Comment --\u003E",
      "position": {
        "X": 0,
        "Y": 0,
        "Z": 0
      },
      "arguments": [
        ""
      ],
      "note": "\u003C-- Trash Pack / \u96D1\u9B5A 9 --\u003E"
    },
    {
      "tag": 3,
      "name": "\u003C-- Comment --\u003E",
      "position": {
        "X": 0,
        "Y": 0,
        "Z": 0
      },
      "arguments": [
        ""
      ],
      "note": "\u003C-- Large Mob here moves around too much --\u003E"
    },
    {
      "tag": 3,
      "name": "\u003C-- Comment --\u003E",
      "position": {
        "X": 0,
        "Y": 0,
        "Z": 0
      },
      "arguments": [
        ""
      ],
      "note": "\u003C-- makes double-pulling too inconsistent --\u003E"
    },
    {
      "tag": 0,
      "name": "StopForCombat",
      "position": {
        "X": -8.43,
        "Y": -2.68,
        "Z": 183.36
      },
      "arguments": [
        "False"
      ],
      "note": ""
    },
    {
      "tag": 0,
      "name": "StopForCombat",
      "position": {
        "X": 4.25,
        "Y": -3.19,
        "Z": 214.72
      },
      "arguments": [
        "True"
      ],
      "note": ""
    },
    {
      "tag": 5,
      "name": "TreasureCoffer",
      "position": {
        "X": 23.32,
        "Y": -3.7,
        "Z": 226.7
      },
      "arguments": [
        ""
      ],
      "note": ""
    },
    {
      "tag": 3,
      "name": "\u003C-- Comment --\u003E",
      "position": {
        "X": 0,
        "Y": 0,
        "Z": 0
      },
      "arguments": [
        ""
      ],
      "note": "\u003C-- Trash Pack / \u96D1\u9B5A 10 --\u003E"
    },
    {
      "tag": 0,
      "name": "StopForCombat",
      "position": {
        "X": 12.58,
        "Y": -1.2,
        "Z": 260.77
      },
      "arguments": [
        "False"
      ],
      "note": ""
    },
    {
      "tag": 0,
      "name": "StopForCombat",
      "position": {
        "X": 8.33,
        "Y": 9.85,
        "Z": 314.77
      },
      "arguments": [
        "True"
      ],
      "note": ""
    },
    {
      "tag": 5,
      "name": "TreasureCoffer",
      "position": {
        "X": -25.32,
        "Y": 9.76,
        "Z": 349.4
      },
      "arguments": [
        ""
      ],
      "note": ""
    },
    {
      "tag": 3,
      "name": "\u003C-- Comment --\u003E",
      "position": {
        "X": 0,
        "Y": 0,
        "Z": 0
      },
      "arguments": [
        ""
      ],
      "note": "\u003C-- Trash Pack / \u96D1\u9B5A 11 --\u003E"
    },
    {
      "tag": 3,
      "name": "\u003C-- Comment --\u003E",
      "position": {
        "X": 0,
        "Y": 0,
        "Z": 0
      },
      "arguments": [
        ""
      ],
      "note": "\u003C-- Not double-pulling here cuz too far away --\u003E"
    },
    {
      "tag": 0,
      "name": "StopForCombat",
      "position": {
        "X": -37.71,
        "Y": 8.31,
        "Z": 355.6
      },
      "arguments": [
        "False"
      ],
      "note": ""
    },
    {
      "tag": 0,
      "name": "StopForCombat",
      "position": {
        "X": -42.52,
        "Y": 5.98,
        "Z": 391.5
      },
      "arguments": [
        "True"
      ],
      "note": ""
    },
    {
      "tag": 3,
      "name": "\u003C-- Comment --\u003E",
      "position": {
        "X": 0,
        "Y": 0,
        "Z": 0
      },
      "arguments": [
        ""
      ],
      "note": "\u003C-- Boss / \u30DC\u30B9 3 --\u003E"
    },
    {
      "tag": 0,
      "name": "Boss",
      "position": {
        "X": -44.42,
        "Y": 7.75,
        "Z": 475.33
      },
      "arguments": [
        ""
      ],
      "note": ""
    }
  ],
  "interactables": [],
  "meta": {
    "createdAt": 155,
    "changelog": [
      {
        "version": 161,
        "change": "Converted to new JSON Structure"
      },
      {
        "version": 163,
        "change": "Converted to newer JSON Structure"
      },
      {
        "version": 164,
        "change": "Converted to JSON Structure with Tags"
      }
    ],
    "notes": []
  }
}