{
  "actions": [
    "MoveTo|-342.11, 24.00, 151.78|",
    "Wait|0, 0, 0|3750",
    "MoveTo|-259.76, 27.00, 96.80|",
    "MoveTo|-250.95, 27.00, 94.46|",
    "MoveTo|-245.31, 31.00, 70.83|",
    "Boss|-187.03, 34.87, 71.86|",
    "MoveTo|-178.53, 34.87, 71.80|",
    "AutoMoveFor|-155.86, 34.87, 71.93|6500",
    "MoveTo|255.71, 96.62, 66.22|",
    "MoveTo|263.93, 106.40, -8.65|",
    "MoveTo|281.94, 106.40, -24.08|",
    "Boss|249.99, 106.45, -74.51|",
    "MoveTo|250.00, 106.45, -85.17|",
    "MoveTo|234.48, 110.00, -149.57|",
    "MoveTo|134.20, 116.00, -212.37|",
    "MoveTo|218.20, 120.00, -247.72|",
    "MoveTo|282.11, 120.00, -264.05|",
    "MoveTo|250.12, 122.00, -330.37|",
    "Boss|250.02, 122.00, -357.45|",
    "MoveTo|250.06, 122.00, -365.24|"
  ],
  "meta": {
    "createdAt": 106,
    "changelog": [],
    "notes": []
  }
}