{
  "actions": [
    "MoveTo|297.27, 24.75, 57.15|",
    "MoveTo|301.85, 24.75, -6.34|",
    "Boss|126.05, 40.57, 17.44|",
    "MoveTo|111.57, 40.58, 13.99|",
    "MoveTo|32.07, 40.00, 87.72|",
    "MoveTo|12.69, 40.00, 133.63|",
    "MoveTo|-103.47, 42.00, 146.87|",
    "Boss|-233.89, 45.49, 130.58|",
    "MoveTo|-240.07, 45.50, 115.55|",
    "MoveTo|-202.68, 56.00, -43.78|",
    "MoveTo|-246.84, 66.00, -124.34|",
    "Boss|-239.86, 67, -196.72|",
    "MoveTo|-239.91, 67.00, -205.22|"
  ],
  "meta": {
    "createdAt": 106,
    "changelog": [],
    "notes": []
  }
}