{
  "actions": [
    {
      "tag": 0,
      "name": "StopForCombat",
      "position": {
        "X": 6.98,
        "Y": 16.35,
        "Z": -456.29
      },
      "arguments": [
        "False"
      ],
      "note": ""
    },
    {
      "tag": 0,
      "name": "StopForCombat",
      "position": {
        "X": 2.27,
        "Y": 16.35,
        "Z": -421.01
      },
      "arguments": [
        "True"
      ],
      "note": ""
    },
    {
      "tag": 0,
      "name": "Wait",
      "position": {
        "X": 0,
        "Y": 0,
        "Z": 0
      },
      "arguments": [
        "10000"
      ],
      "note": ""
    },
    {
      "tag": 0,
      "name": "MoveTo",
      "position": {
        "X": 0.02,
        "Y": 23.85,
        "Z": -394.89
      },
      "arguments": [
        ""
      ],
      "note": ""
    },
    {
      "tag": 0,
      "name": "Wait",
      "position": {
        "X": 0,
        "Y": 0,
        "Z": 0
      },
      "arguments": [
        "8000"
      ],
      "note": ""
    },
    {
      "tag": 0,
      "name": "MoveTo",
      "position": {
        "X": -1.67,
        "Y": 26.18,
        "Z": -379.35
      },
      "arguments": [
        ""
      ],
      "note": ""
    },
    {
      "tag": 0,
      "name": "Boss",
      "position": {
        "X": -2.68,
        "Y": 2.9,
        "Z": -217.87
      },
      "arguments": [
        ""
      ],
      "note": ""
    },
    {
      "tag": 0,
      "name": "MoveTo",
      "position": {
        "X": -0.72,
        "Y": 5.73,
        "Z": -111.16
      },
      "arguments": [
        ""
      ],
      "note": ""
    },
    {
      "tag": 5,
      "name": "TreasureCoffer",
      "position": {
        "X": 3.15,
        "Y": 6.05,
        "Z": -97.73
      },
      "arguments": [
        ""
      ],
      "note": ""
    },
    {
      "tag": 0,
      "name": "MoveTo",
      "position": {
        "X": 2.61,
        "Y": 5.84,
        "Z": -105.03
      },
      "arguments": [
        ""
      ],
      "note": ""
    },
    {
      "tag": 0,
      "name": "MoveTo",
      "position": {
        "X": -71.03,
        "Y": 14.45,
        "Z": -30.08
      },
      "arguments": [
        ""
      ],
      "note": ""
    },
    {
      "tag": 0,
      "name": "MoveTo",
      "position": {
        "X": -74.17,
        "Y": 12.74,
        "Z": -28.65
      },
      "arguments": [
        ""
      ],
      "note": ""
    },
    {
      "tag": 5,
      "name": "TreasureCoffer",
      "position": {
        "X": -84.92,
        "Y": 12.49,
        "Z": -29.23
      },
      "arguments": [
        ""
      ],
      "note": ""
    },
    {
      "tag": 0,
      "name": "MoveTo",
      "position": {
        "X": -58.48,
        "Y": 21.08,
        "Z": 9.83
      },
      "arguments": [
        ""
      ],
      "note": ""
    },
    {
      "tag": 0,
      "name": "MoveTo",
      "position": {
        "X": -56.64,
        "Y": 18.35,
        "Z": 14.17
      },
      "arguments": [
        ""
      ],
      "note": ""
    },
    {
      "tag": 0,
      "name": "Boss",
      "position": {
        "X": -7.61,
        "Y": 4.44,
        "Z": 83.5
      },
      "arguments": [
        ""
      ],
      "note": ""
    },
    {
      "tag": 5,
      "name": "TreasureCoffer",
      "position": {
        "X": 23.32,
        "Y": -3.7,
        "Z": 226.7
      },
      "arguments": [
        ""
      ],
      "note": ""
    },
    {
      "tag": 5,
      "name": "TreasureCoffer",
      "position": {
        "X": -25.32,
        "Y": 9.76,
        "Z": 349.4
      },
      "arguments": [
        ""
      ],
      "note": ""
    },
    {
      "tag": 0,
      "name": "Boss",
      "position": {
        "X": -44.18,
        "Y": 7.75,
        "Z": 464.47
      },
      "arguments": [
        ""
      ],
      "note": ""
    }
  ],
  "interactables": [],
  "meta": {
    "createdAt": 145,
    "changelog": [
      {
        "version": 161,
        "change": "Converted to new JSON Structure"
      },
      {
        "version": 163,
        "change": "Converted to newer JSON Structure"
      },
      {
        "version": 164,
        "change": "Converted to JSON Structure with Tags"
      }
    ],
    "notes": []
  }
}