{
  "actions": [
    "MoveTo|-378.74, -10.00, 244.05|",
    "MoveTo|-297.94, -6.00, 125.10|",
    "MoveTo|-223.72, -6.42, 60.01|",
    "Wait|0, 0, 0|2000",
    "Boss|-213.02, -1.99, 189.93|",
    "MoveTo|-212.91, -2.00, 204.69|",
    "MoveTo|-167.76, 2.00, 275.88|",
    "MoveTo|-101.64, 6.00, 311.02|",
    "MoveTo|-101.56, 5.96, 282.46|",
    "MoveTo|-3.48, 9.96, 297.11|",
    "MoveTo|-25.87, 10.00, 265.96|",
    "Boss|10.71, 14.07, 184.71|",
    "MoveTo|28.33, 14.00, 186.25|",
    "MoveTo|154.34, 20.05, 101.33|",
    "MoveTo|177.60, 20.10, 86.58|",
    "MoveTo|205.05, 20.05, 50.14|",
    "MoveTo|272.13, 20.00, 55.66|",
    "Boss|283.93, 20.04, -31.54|",
    "MoveTo|285.78, 19.98, -39.86|"
  ],
  "meta": {
    "createdAt": 106,
    "changelog": [],
    "notes": []
  }
}