{
  "actions": [
    "Wait|5.35, 16.34, -426.29|10000",
    "Wait|5.22, 16.34, -421.52|10000",
    "Boss|-2.68, 2.90, -217.87|",
    "MoveTo|-2.72, 2.90, -204.95|",
    "MoveTo|-0.72, 5.73, -111.16|",
    "MoveTo|3.15, 6.05, -97.73|",
    "MoveTo|2.61, 5.84, -105.03|",
    "MoveTo|-71.03, 14.45, -30.08|",
    "MoveTo|-74.17, 12.74, -28.65|",
    "MoveTo|-84.92, 12.49, -29.23|",
    "MoveTo|-58.48, 21.08, 9.83|",
    "MoveTo|-56.64, 18.35, 14.17|",
    "Boss|-7.61, 4.44, 83.50|",
    "MoveTo|-7.98, 4.44, 89.18|",
    "MoveTo|23.32, -3.70, 226.70|",
    "MoveTo|-25.32, 9.76, 349.40|",
    "Boss|-44.18, 7.75, 464.47|",
    "MoveTo|-44.52, 7.75, 473.14|"
  ],
  "meta": {
    "createdAt": 106,
    "changelog": [],
    "notes": []
  }
}