{
  "actions": [
    "MoveTo|-419.09, -445.25, 138.12|",
    "MoveTo|-435.80, -448.87, 83.82|",
    "AutoMoveFor|-437.36, -448.87, 79.87|6500",
    "MoveTo|-514.84, -502.34, -52.92|",
    "MoveTo|-451.87, -506.28, -109.60|",
    "AutoMoveFor|-450.75, -506.23, -112.64|6500",
    "Boss|-401.02, -550.70, -231.33|",
    "MoveTo|-401.00, -550.70, -242.18|",
    "MoveTo|-401.00, -554.57, -271.46|",
    "AutoMoveFor|-401.06, -554.52, -275.02|6500",
    "AutoMoveFor|-374.11, -567.54, -366.60|17000",
    "MoveTo|7.58, 232.91, 294.78|",
    "MoveTo|60.72, 229.26, 296.72|",
    "MoveTo|-10.34, 208.00, 167.78|",
    "MoveTo|0.29, 199.66, 131.16|",
    "Boss|-0.16, 199.95, 66.52|",
    "MoveTo|0.00, 199.95, 43.93|",
    "MoveTo|-6.18, 200.22, -78.95|",
    "MoveTo|0.31, 200.07, -203.13|",
    "MoveTo|-40.38, 199.96, -271.25|",
    "MoveTo|-0.77, 209.00, -328.46|",
    "Wait|0, 0, 0|5000",
    "MoveTo|4.26, 208.96, -318.17|",
    "MoveTo|-0.08, 209.00, -330.89|",
    "Boss|0.10, 219.90, -421.25|",
    "MoveTo|0.04, 219.90, -432.06|",
    "MoveTo|0.13, 219.90, -437.71|"
  ],
  "meta": {
    "createdAt": 106,
    "changelog": [],
    "notes": []
  }
}