{
  "actions": [
    {
      "tag": 0,
      "name": "Wait",
      "position": {
        "X": -69.09,
        "Y": -194,
        "Z": -33.12
      },
      "arguments": [
        "10000"
      ],
      "note": ""
    },
    {
      "tag": 0,
      "name": "Wait",
      "position": {
        "X": -68.83,
        "Y": -194,
        "Z": -32.44
      },
      "arguments": [
        "20000"
      ],
      "note": ""
    },
    {
      "tag": 0,
      "name": "Wait",
      "position": {
        "X": -69.54,
        "Y": -194,
        "Z": -31.01
      },
      "arguments": [
        "15000"
      ],
      "note": ""
    },
    {
      "tag": 0,
      "name": "Wait",
      "position": {
        "X": -69.05,
        "Y": -194,
        "Z": -31.49
      },
      "arguments": [
        "30000"
      ],
      "note": ""
    },
    {
      "tag": 0,
      "name": "Wait",
      "position": {
        "X": -73.36,
        "Y": -194,
        "Z": -30.75
      },
      "arguments": [
        "45000"
      ],
      "note": ""
    },
    {
      "tag": 0,
      "name": "AutoMoveFor",
      "position": {
        "X": -59.19,
        "Y": -194.17,
        "Z": -31.57
      },
      "arguments": [
        "2000"
      ],
      "note": ""
    },
    {
      "tag": 4,
      "name": "Revival",
      "position": {
        "X": 33.57,
        "Y": -202.93,
        "Z": -70.3
      },
      "arguments": [
        ""
      ],
      "note": ""
    },
    {
      "tag": 0,
      "name": "Boss",
      "position": {
        "X": 21.51,
        "Y": -203,
        "Z": -95.2
      },
      "arguments": [
        ""
      ],
      "note": ""
    },
    {
      "tag": 0,
      "name": "MoveTo",
      "position": {
        "X": 35.54,
        "Y": -203,
        "Z": -111.31
      },
      "arguments": [
        ""
      ],
      "note": ""
    },
    {
      "tag": 0,
      "name": "MoveTo",
      "position": {
        "X": 150.12,
        "Y": -195.07,
        "Z": -20.24
      },
      "arguments": [
        ""
      ],
      "note": ""
    },
    {
      "tag": 0,
      "name": "AutoMoveFor",
      "position": {
        "X": 153.93,
        "Y": -195.2,
        "Z": -21.66
      },
      "arguments": [
        "500"
      ],
      "note": ""
    },
    {
      "tag": 0,
      "name": "Wait",
      "position": {
        "X": 0,
        "Y": 0,
        "Z": 0
      },
      "arguments": [
        "9500"
      ],
      "note": ""
    },
    {
      "tag": 0,
      "name": "Wait",
      "position": {
        "X": 203.71,
        "Y": -158.62,
        "Z": 104.86
      },
      "arguments": [
        "3000"
      ],
      "note": ""
    },
    {
      "tag": 0,
      "name": "MoveTo",
      "position": {
        "X": 202.74,
        "Y": -158.66,
        "Z": 116.73
      },
      "arguments": [
        ""
      ],
      "note": ""
    },
    {
      "tag": 0,
      "name": "Wait",
      "position": {
        "X": 140.82,
        "Y": -155.18,
        "Z": 110.85
      },
      "arguments": [
        "2000"
      ],
      "note": ""
    },
    {
      "tag": 0,
      "name": "AutoMoveFor",
      "position": {
        "X": 129.91,
        "Y": -154.36,
        "Z": 112.14
      },
      "arguments": [
        "9500"
      ],
      "note": ""
    },
    {
      "tag": 4,
      "name": "Revival",
      "position": {
        "X": 81.93,
        "Y": -134.49,
        "Z": 86.29
      },
      "arguments": [
        ""
      ],
      "note": ""
    },
    {
      "tag": 0,
      "name": "Boss",
      "position": {
        "X": 80,
        "Y": -134,
        "Z": 48.5
      },
      "arguments": [
        ""
      ],
      "note": ""
    },
    {
      "tag": 0,
      "name": "MoveTo",
      "position": {
        "X": 67.05,
        "Y": -134,
        "Z": 40.84
      },
      "arguments": [
        ""
      ],
      "note": ""
    },
    {
      "tag": 0,
      "name": "MoveTo",
      "position": {
        "X": 44.76,
        "Y": -132.27,
        "Z": 37.23
      },
      "arguments": [
        ""
      ],
      "note": ""
    },
    {
      "tag": 0,
      "name": "AutoMoveFor",
      "position": {
        "X": 38.03,
        "Y": -130.6,
        "Z": 36.6
      },
      "arguments": [
        "8500"
      ],
      "note": ""
    },
    {
      "tag": 0,
      "name": "MoveTo",
      "position": {
        "X": 7.28,
        "Y": -111.09,
        "Z": 132.74
      },
      "arguments": [
        ""
      ],
      "note": ""
    },
    {
      "tag": 0,
      "name": "Wait",
      "position": {
        "X": 11.05,
        "Y": -110.84,
        "Z": 149.36
      },
      "arguments": [
        "300"
      ],
      "note": ""
    },
    {
      "tag": 0,
      "name": "Wait",
      "position": {
        "X": -97.43,
        "Y": -115.19,
        "Z": 336.73
      },
      "arguments": [
        "300"
      ],
      "note": ""
    },
    {
      "tag": 4,
      "name": "Revival",
      "position": {
        "X": -106.73,
        "Y": -115.13,
        "Z": 294.72
      },
      "arguments": [
        ""
      ],
      "note": ""
    },
    {
      "tag": 0,
      "name": "Boss",
      "position": {
        "X": -107.1,
        "Y": -118,
        "Z": 262.5
      },
      "arguments": [
        ""
      ],
      "note": ""
    },
    {
      "tag": 0,
      "name": "MoveTo",
      "position": {
        "X": -107.08,
        "Y": -118,
        "Z": 252.8
      },
      "arguments": [
        ""
      ],
      "note": ""
    }
  ],
  "interactables": [],
  "meta": {
    "createdAt": 106,
    "changelog": [
      {
        "version": 161,
        "change": "Converted to new JSON Structure"
      },
      {
        "version": 163,
        "change": "Converted to newer JSON Structure"
      },
      {
        "version": 164,
        "change": "Converted to JSON Structure with Tags"
      }
    ],
    "notes": []
  }
}