{
  "actions": [
    "Wait|-69.09, -194.00, -33.12|10000",
    "Wait|-68.83, -194.00, -32.44|20000",
    "Wait|-69.54, -194.00, -31.01|15000",
    "Wait|-69.05, -194.00, -31.49|30000",
    "Wait|-73.36, -194.00, -30.75|45000",
    "AutoMoveFor|-59.19, -194.17, -31.57|2000",
    "Revival|33.57, -202.93, -70.30|",
    "Boss|21.51, -203.00, -95.20|",
    "MoveTo|35.54, -203.00, -111.31|",
    "StopForCombat|74.69, -202.21, -147.37|False",
    "MoveTo|142.21, -196.55, -42.32|",
    "StopForCombat|135.72, -201.36, -83.57|True",
    "MoveTo|150.12, -195.07, -20.24|",
    "AutoMoveFor|153.93, -195.20, -21.66|500",
    "Wait|0, 0, 0|9500",
    "StopForCombat|186.57, -167.19, 32.29|False",
    "MoveTo|202.78, -158.68, 116.10|",
    "MoveTo|146.18, -155.26, 116.02|",
    "StopForCombat|187.35, -159.20, 112.80|True",
    "MoveTo|140.82, -155.18, 110.85|",
    "AutoMoveFor|129.91, -154.36, 112.14|9500",
    "Revival|81.93, -134.49, 86.29|",
    "Boss|80.00, -134.00, 48.50|",
    "MoveTo|67.05, -134.00, 40.84|",
    "MoveTo|44.76, -132.27, 37.23|",
    "AutoMoveFor|38.03, -130.60, 36.60|8500",
    "StopForCombat|-3.45, -115.67, 65.15|False",
    "MoveTo|11.25, -110.84, 149.75|",
    "MoveTo|-0.37, -110.29, 166.54|",
    "StopForCombat|-0.86, -111.06, 145.90|True",
    "StopForCombat|-10.60, -112.20, 203.19|False",
    "MoveTo|-74.78, -114.84, 325.50|",
    "StopForCombat|-59.69, -112.57, 312.19|True",
    "MoveTo|-97.81, -115.18, 336.74|",
    "Revival|-107.16, -115.13, 297.32|",
    "Boss|-107.20, -118.00, 261.53|",
    "MoveTo|-107.08, -118.00, 252.80|"
  ],
  "meta": {
    "createdAt": 106,
    "changelog": [],
    "notes": []
  }
}
