{
  "actions": [
    "Wait|-69.09, -194.00, -33.12|10000",
    "Wait|-68.83, -194.00, -32.44|20000",
    "Wait|-69.54, -194.00, -31.01|15000",
    "Wait|-69.05, -194.00, -31.49|30000",
    "Wait|-73.36, -194.00, -30.75|45000",
    "AutoMoveFor|-59.19, -194.17, -31.57|2000",
    "Revival|33.57, -202.93, -70.30|",
    "Boss|21.51, -203.00, -95.20|",
    "MoveTo|35.54, -203.00, -111.31|",
    "MoveTo|150.12, -195.07, -20.24|",
    "AutoMoveFor|153.93, -195.20, -21.66|500",
    "Wait|0, 0, 0|9500",
    "Wait|203.71, -158.62, 104.86|3000",
    "MoveTo|202.74, -158.66, 116.73|",
    "Wait|140.82, -155.18, 110.85|2000",
    "AutoMoveFor|129.91, -154.36, 112.14|9500",
    "Revival|81.93, -134.49, 86.29|",
    "Boss|80.00, -134.00, 48.50|",
    "MoveTo|67.05, -134.00, 40.84|",
    "MoveTo|44.76, -132.27, 37.23|",
    "AutoMoveFor|38.03, -130.60, 36.60|8500",
    "MoveTo|7.28, -111.09, 132.74|",
    "Wait|11.05, -110.84, 149.36|300",
    "Wait|-97.43, -115.19, 336.73|300",
    "Revival|-106.73, -115.13, 294.72|",
    "Boss|-107.10, -118.00, 262.50|",
    "MoveTo|-107.08, -118.00, 252.80|"
  ],
  "meta": {
    "createdAt": 106,
    "changelog": [],
    "notes": []
  }
}
