{
  "actions": [
    "Boss|-222.53, -1.90, 4.18|",
    "MoveTo|-208.39, -1.90, 4.04|",
    "MoveTo|-82.55, 3.93, -68.32|",
    "MoveTo|-13.14, 4.00, 20.39|",
    "Boss|112.08, 9.00, 3.67|",
    "MoveTo|128.60, 9.00, 3.94|",
    "MoveTo|252.57, -7.93, 7.59|",
    "MoveTo|275.07, -12.00, 43.58|",
    "MoveTo|276.04, -12.00, -24.83|",
    "MoveTo|362.93, -12.00, -37.77|",
    "Boss|475.12, -13.93, 4.43|",
    "MoveTo|485.59, -13.95, 4.03|"
  ],
  "meta": {
    "createdAt": 106,
    "changelog": [],
    "notes": []
  }
}