{
  "actions": [
    "MoveTo|278.85, 65.85, 334.46|",
    "MoveTo|184.40, 65.69, 301.30|",
    "AutoMoveFor|182.51, 65.14, 298.51|9000",
    "Boss|174.62, 13.00, 178.37|",
    "MoveTo|173.96, 13.00, 163.04|",
    "MoveTo|46.41, 20.00, 98.31|",
    "MoveTo|7.64, 36.00, -21.79|",
    "MoveTo|-0.08, 34.20, -61.29|",
    "Boss|0.08, 34.20, -69.57|",
    "MoveTo|0.07, 34.20, -76.89|",
    "MoveTo|-106.30, 26.63, -196.15|",
    "MoveTo|-207.20, 15.09, -295.98|",
    "MoveTo|-293.01, 15.76, -306.03|",
    "AutoMoveFor|-299.63, 18.98, -349.19|3000",
    "Boss|-300.59, 10.00, -392.38|",
    "MoveTo|-300.06, 10.00, -409.20|"
  ],
  "meta": {
    "createdAt": 106,
    "changelog": [],
    "notes": []
  }
}