{
  "actions": [
    "MoveTo|-312.43, 87.20, 192.42|",
    "MoveTo|-192.01, 67.40, 141.59|",
    "Boss|-180.65, 60.00, 68.23|",
    "MoveTo|22.16, 60.69, 41.61|",
    "AutoMoveFor|25.87, 61.22, 39.43|1000",
    "MoveTo|133.02, 35.15, 38.38|",
    "Boss|133.63, 30.00, -28.93|",
    "MoveTo|293.74, 14.83, -110.51|",
    "MoveTo|370.05, 5.00, -139.35|",
    "MoveTo|371.03, 13.76, -234.19|",
    "AutoMoveFor|370.38, 13.90, -236.95|1000",
    "Boss|371.18, -15.00, -264.49|"
  ],
  "meta": {
    "createdAt": 130,
    "changelog": [],
    "notes": []
  }
}