{
  "actions": [
    "StopForCombat|105.97, -21.89, -48.44|False",
    "MoveTo|32.35, -35.46, 1.86|",
    "MoveTo|13.48, -36.97, 0.56|",
    "StopForCombat|60.67, -24.97, -39.90|True",
    "MoveTo|25.38, -36.60, -0.54|",
    "StopForCombat|-24.29, -36.76, -3.77|False",
    "MoveTo|-81.84, -51.56, -72.29|",
    "StopForCombat|-55.90, -44.26, -40.57|True",
    "MoveTo|-104.28, -52.66, -84.07|",
    "Revival|-105.21, -52.05, -139.21|",
    "Boss|-105.08, -52.00, -158.50|",
    "MoveTo|-105.04, -52.00, -168.91|",
    "MoveTo|-104.78, -51.95, -208.89|",
    "AutoMoveFor|-156.68, -51.71, -208.91|5000",
    "StopForCombat|-214.49, -200.00, -201.55|False",
    "MoveTo|-217.79, -209.91, -84.68|",
    "StopForCombat|-219.79, -202.82, -119.38|True",
    "MoveTo|-216.64, -210.00, -49.38|",
    "Wait|-84.25, -209.91, -62.04|6000",
    "Wait|-75.80, -210.00, -65.22|2000",
    "MoveTo|-78.21, -210.00, -92.33|",
    "Revival|-84.90, -210.00, -123.53|",
    "Boss|-85.14, -210.00, -154.64|",
    "MoveTo|-69.91, -210.00, -155.30|",
    "MoveTo|38.56, -210.00, -155.22|",
    "MoveTo|110.41, -189.75, -214.27|",
    "MoveTo|101.95, -189.90, -227.82|",
    "Wait|100.22, -189.90, -230.67|8500",
    "StopForCombat|139.53, -184.84, -295.69|False",
    "MoveTo|137.06, -184.90, -335.19|",
    "MoveTo|99.70, -194.95, -346.83|",
    "StopForCombat|137.06, -185.00, -323.36|True",
    "Revival|100.07, -195.00, -352.96|",
    "Wait|100.39, -194.90, -363.66|7500",
    "Boss|100.08, -191.99, -439.29|",
    "MoveTo|100.01, -191.99, -436.88|"
  ],
  "meta": {
    "createdAt": 106,
    "changelog": [
      {
        "version": 119,
        "change": ""
      }
    ],
    "notes": []
  }
}
