{
  "actions": [
    "StopForCombat|-8.00, -1.06, 479.00|False",
    "MoveTo|-7.38, -2.23, 391.99|",
    "StopForCombat|-6.16, -2.39, 414.16|True",
    "StopForCombat|-9.56, -1.06, 360.04|False",
    "MoveTo|-83.62, 0.00, 328.71|",
    "MoveTo|-99.77, 0.00, 287.37|",
    "StopForCombat|-90.26, 0.00, 309.30|True",
    "Revival|-100.30, 7.00, 238.13|",
    "Boss|-100.24, 7.00, 201.67|",
    "MoveTo|-99.98, 7.00, 190.82|",
    "StopForCombat|-100.09, 7.00, 164.33|False",
    "MoveTo|-73.56, 7.01, 160.94|",
    "MoveTo|-71.78, 7.01, 102.07|",
    "MoveTo|-56.91, 7.00, 102.18|",
    "MoveTo|-50.23, 7.00, 69.79|",
    "StopForCombat|-57.05, 7.00, 102.42|True",
    "Wait|-41.32, 7.05, 94.14|300",
    "StopForCombat|-43.77, 7.05, 92.26|False",
    "MoveTo|-42.47, 7.00, 37.39|",
    "MoveTo|-47.80, 7.05, -13.58|",
    "StopForCombat|-48.84, 7.05, 3.24|True",
    "MoveTo|-46.36, 7.05, -37.68|",
    "MoveTo|0.06, 7.03, -38.12|",
    "MoveTo|5.71, 7.00, -46.47|",
    "Revival|-0.06, 7.03, -72.58|",
    "Boss|0.06, 7.00, -103.67|",
    "MoveTo|0.14, 7.00, -119.50|",
    "StopForCombat|0.11, 7.00, -122.44|False",
    "MoveTo|0.16, 7.03, -230.88|",
    "StopForCombat|0.20, 7.00, -202.65|True",
    "StopForCombat|-0.04, 7.21, -263.12|False",
    "MoveTo|68.21, 7.00, -326.44|",
    "StopForCombat|47.50, 7.05, -321.54|True",
    "Wait|19.05, 7.00, -327.13|300",
    "MoveTo|99.22, 7.05, -348.06|",
    "Revival|90.25, 11.97, -405.15|",
    "Boss|90.05, 12.00, -437.40|",
    "MoveTo|90.08, 12.00, -438.87|"
  ],
  "meta": {
    "createdAt": 106,
    "changelog": [],
    "notes": []
  }
}