{
  "actions": [
    {
      "tag": 0,
      "name": "StopForCombat",
      "position": {
        "X": 105.97,
        "Y": -21.89,
        "Z": -48.44
      },
      "arguments": [
        "False"
      ],
      "note": ""
    },
    {
      "tag": 0,
      "name": "MoveTo",
      "position": {
        "X": 32.35,
        "Y": -35.46,
        "Z": 1.86
      },
      "arguments": [
        ""
      ],
      "note": ""
    },
    {
      "tag": 0,
      "name": "MoveTo",
      "position": {
        "X": 13.48,
        "Y": -36.97,
        "Z": 0.56
      },
      "arguments": [
        ""
      ],
      "note": ""
    },
    {
      "tag": 0,
      "name": "StopForCombat",
      "position": {
        "X": 60.67,
        "Y": -24.97,
        "Z": -39.9
      },
      "arguments": [
        "True"
      ],
      "note": ""
    },
    {
      "tag": 0,
      "name": "MoveTo",
      "position": {
        "X": 25.38,
        "Y": -36.6,
        "Z": -0.54
      },
      "arguments": [
        ""
      ],
      "note": ""
    },
    {
      "tag": 0,
      "name": "StopForCombat",
      "position": {
        "X": -24.29,
        "Y": -36.76,
        "Z": -3.77
      },
      "arguments": [
        "False"
      ],
      "note": ""
    },
    {
      "tag": 0,
      "name": "MoveTo",
      "position": {
        "X": -81.84,
        "Y": -51.56,
        "Z": -72.29
      },
      "arguments": [
        ""
      ],
      "note": ""
    },
    {
      "tag": 0,
      "name": "StopForCombat",
      "position": {
        "X": -55.9,
        "Y": -44.26,
        "Z": -40.57
      },
      "arguments": [
        "True"
      ],
      "note": ""
    },
    {
      "tag": 0,
      "name": "MoveTo",
      "position": {
        "X": -104.28,
        "Y": -52.66,
        "Z": -84.07
      },
      "arguments": [
        ""
      ],
      "note": ""
    },
    {
      "tag": 4,
      "name": "Revival",
      "position": {
        "X": -105.21,
        "Y": -52.05,
        "Z": -139.21
      },
      "arguments": [
        ""
      ],
      "note": ""
    },
    {
      "tag": 0,
      "name": "Boss",
      "position": {
        "X": -105.08,
        "Y": -52,
        "Z": -158.5
      },
      "arguments": [
        ""
      ],
      "note": ""
    },
    {
      "tag": 0,
      "name": "MoveTo",
      "position": {
        "X": -105.04,
        "Y": -52,
        "Z": -168.91
      },
      "arguments": [
        ""
      ],
      "note": ""
    },
    {
      "tag": 0,
      "name": "MoveTo",
      "position": {
        "X": -104.78,
        "Y": -51.95,
        "Z": -208.89
      },
      "arguments": [
        ""
      ],
      "note": ""
    },
    {
      "tag": 0,
      "name": "AutoMoveFor",
      "position": {
        "X": -156.68,
        "Y": -51.71,
        "Z": -208.91
      },
      "arguments": [
        "5000"
      ],
      "note": ""
    },
    {
      "tag": 0,
      "name": "StopForCombat",
      "position": {
        "X": -214.49,
        "Y": -200,
        "Z": -201.55
      },
      "arguments": [
        "False"
      ],
      "note": ""
    },
    {
      "tag": 0,
      "name": "MoveTo",
      "position": {
        "X": -217.79,
        "Y": -209.91,
        "Z": -84.68
      },
      "arguments": [
        ""
      ],
      "note": ""
    },
    {
      "tag": 0,
      "name": "StopForCombat",
      "position": {
        "X": -219.79,
        "Y": -202.82,
        "Z": -119.38
      },
      "arguments": [
        "True"
      ],
      "note": ""
    },
    {
      "tag": 0,
      "name": "MoveTo",
      "position": {
        "X": -216.64,
        "Y": -210,
        "Z": -49.38
      },
      "arguments": [
        ""
      ],
      "note": ""
    },
    {
      "tag": 0,
      "name": "Wait",
      "position": {
        "X": -84.25,
        "Y": -209.91,
        "Z": -62.04
      },
      "arguments": [
        "6000"
      ],
      "note": ""
    },
    {
      "tag": 0,
      "name": "Wait",
      "position": {
        "X": -75.8,
        "Y": -210,
        "Z": -65.22
      },
      "arguments": [
        "2000"
      ],
      "note": ""
    },
    {
      "tag": 0,
      "name": "MoveTo",
      "position": {
        "X": -78.21,
        "Y": -210,
        "Z": -92.33
      },
      "arguments": [
        ""
      ],
      "note": ""
    },
    {
      "tag": 4,
      "name": "Revival",
      "position": {
        "X": -84.9,
        "Y": -210,
        "Z": -123.53
      },
      "arguments": [
        ""
      ],
      "note": ""
    },
    {
      "tag": 0,
      "name": "Boss",
      "position": {
        "X": -85.14,
        "Y": -210,
        "Z": -154.64
      },
      "arguments": [
        ""
      ],
      "note": ""
    },
    {
      "tag": 0,
      "name": "MoveTo",
      "position": {
        "X": -69.91,
        "Y": -210,
        "Z": -155.3
      },
      "arguments": [
        ""
      ],
      "note": ""
    },
    {
      "tag": 0,
      "name": "MoveTo",
      "position": {
        "X": 38.56,
        "Y": -210,
        "Z": -155.22
      },
      "arguments": [
        ""
      ],
      "note": ""
    },
    {
      "tag": 0,
      "name": "MoveTo",
      "position": {
        "X": 110.41,
        "Y": -189.75,
        "Z": -214.27
      },
      "arguments": [
        ""
      ],
      "note": ""
    },
    {
      "tag": 0,
      "name": "MoveTo",
      "position": {
        "X": 101.95,
        "Y": -189.9,
        "Z": -227.82
      },
      "arguments": [
        ""
      ],
      "note": ""
    },
    {
      "tag": 0,
      "name": "Wait",
      "position": {
        "X": 100.22,
        "Y": -189.9,
        "Z": -230.67
      },
      "arguments": [
        "8500"
      ],
      "note": ""
    },
    {
      "tag": 0,
      "name": "StopForCombat",
      "position": {
        "X": 139.53,
        "Y": -184.84,
        "Z": -295.69
      },
      "arguments": [
        "False"
      ],
      "note": ""
    },
    {
      "tag": 0,
      "name": "MoveTo",
      "position": {
        "X": 137.06,
        "Y": -184.9,
        "Z": -335.19
      },
      "arguments": [
        ""
      ],
      "note": ""
    },
    {
      "tag": 0,
      "name": "MoveTo",
      "position": {
        "X": 99.7,
        "Y": -194.95,
        "Z": -346.83
      },
      "arguments": [
        ""
      ],
      "note": ""
    },
    {
      "tag": 0,
      "name": "StopForCombat",
      "position": {
        "X": 137.06,
        "Y": -185,
        "Z": -323.36
      },
      "arguments": [
        "True"
      ],
      "note": ""
    },
    {
      "tag": 4,
      "name": "Revival",
      "position": {
        "X": 100.07,
        "Y": -195,
        "Z": -352.96
      },
      "arguments": [
        ""
      ],
      "note": ""
    },
    {
      "tag": 0,
      "name": "Wait",
      "position": {
        "X": 100.39,
        "Y": -194.9,
        "Z": -363.66
      },
      "arguments": [
        "7500"
      ],
      "note": ""
    },
    {
      "tag": 0,
      "name": "Boss",
      "position": {
        "X": 100.08,
        "Y": -191.99,
        "Z": -439.29
      },
      "arguments": [
        ""
      ],
      "note": ""
    },
    {
      "tag": 0,
      "name": "MoveTo",
      "position": {
        "X": 100.01,
        "Y": -191.99,
        "Z": -436.88
      },
      "arguments": [
        ""
      ],
      "note": ""
    }
  ],
  "interactables": [],
  "meta": {
    "createdAt": 106,
    "changelog": [
      {
        "version": 119,
        "change": ""
      },
      {
        "version": 161,
        "change": "Converted to new JSON Structure"
      },
      {
        "version": 163,
        "change": "Converted to newer JSON Structure"
      },
      {
        "version": 164,
        "change": "Converted to JSON Structure with Tags"
      }
    ],
    "notes": []
  }
}