{
  "actions": [
    "StopForCombat|145.52, -18.39, 177.43|False",
    "MoveTo|44.74, -20.54, 198.37|",
    "StopForCombat|117.30, -15.56, 188.74|True",
    "StopForCombat|13.61, -9.72, 195.96|False",
    "MoveTo|-70.55, 1.67, 189.05|",
    "StopForCombat|-42.82, -1.86, 190.20|True",
    "Revival|-107.79, 10.82, 148.36|",
    "Boss|-108.06, 11.00, 118.30|",
    "MoveTo|-108.11, 11.00, 102.61|",
    "StopForCombat|-112.38, 15.00, 81.67|False",
    "MoveTo|-72.64, 40.08, 56.02|",
    "StopForCombat|-113.57, 26.32, 69.48|True",
    "MoveTo|-72.13, 40.00, 54.97|",
    "AutoMoveFor|-64.07, 40.31, 52.89|6000",
    "Wait|-38.33, 55.08, 27.14|5000",
    "MoveTo|-38, 55, 18|",
    "AutoMoveFor|-46.577, 55.11, 16.8|400",
    "Wait|0,0,0|10000",
    "MoveTo|-80.91, 85.14, 13.47|",
    "MoveTo|-95.30, 78.16, 24.56|",
    "Wait|-94.81, 70.00, 48.49|500",
    "MoveTo|-96.64, 70.00, 41.58|",
    "AutoMoveFor|-103.14, 70.26, 42.74|6500",
    "MoveTo|-160.96, 80.03, 34.28|",
    "StopForCombat|-157.41, 80.06, 33.09|False",
    "MoveTo|-77.98, 99.93, -7.50|",
    "StopForCombat|-100.30, 100.12, 1.02|True",
    "MoveTo|-63.50, 101.84, -15.99|",
    "AutoMoveFor|-59.52, 103.69, -18.22|11000",
    "Revival|-53.32, 321.29, -32.54|",
    "Boss|-53.21, 323.00, -57.42|",
    "MoveTo|-69.57, 323.00, -56.89|",
    "StopForCombat|-96.72, 323.47, -62.88|False",
    "MoveTo|-128.15, 328.11, -82.31|",
    "MoveTo|-153.88, 333.04, -65.95|",
    "StopForCombat|-135.83, 328.12, -77.97|True",
    "MoveTo|-153.28, 334.71, 1.21|",
    "StopForCombat|-128.86, 340.94, -24.25|False",
    "MoveTo|-84.03, 358.12, -102.43|",
    "StopForCombat|-105.67, 344.79, -60.93|True",
    "MoveTo|-69.49, 358.07, -91.99|",
    "Revival|-53.94, 376.01, -159.15|",
    "Boss|-53.98, 378.00, -197.58|",
    "MoveTo|-54.15, 378.00, -213.41|"
  ],
  "meta": {
    "createdAt": 106,
    "changelog": [],
    "notes": []
  }
}
