{
  "actions": [
    "MoveTo|89.16, -21.12, 195.76|",
    "Revival|-107.79, 10.82, 148.36|",
    "Boss|-108.06, 11.00, 118.30|",
    "MoveTo|-108.11, 11.00, 102.61|",
    "MoveTo|-145.12, 22.12, 75.04|",
    "Wait|-72.13, 40.00, 54.97|1000",
    "AutoMoveFor|-64.07, 40.31, 52.89|6000",
    "Wait|-38.33, 55.08, 27.14|5000",
    "MoveTo|-38, 55, 18|",
    "AutoMoveFor|-46.577, 55.11, 16.8|400",
    "Wait|0,0,0|10000",
    "MoveTo|-80.91, 85.14, 13.47|",
    "MoveTo|-95.30, 78.16, 24.56|",
    "Wait|-94.81, 70.00, 48.49|500",
    "MoveTo|-96.64, 70.00, 41.58|",
    "AutoMoveFor|-103.14, 70.26, 42.74|6500",
    "MoveTo|-160.96, 80.03, 34.28|",
    "MoveTo|-63.50, 101.84, -15.99|",
    "AutoMoveFor|-59.52, 103.69, -18.22|11000",
    "Revival|-53.32, 321.29, -32.54|",
    "Boss|-53.21, 323.00, -57.42|",
    "MoveTo|-69.57, 323.00, -56.89|",
    "Wait|-121.52, 328.08, -78.02|2000",
    "MoveTo|-153.23, 334.71, 0.86|",
    "MoveTo|-69.37, 358.07, -91.81|",
    "Revival|-53.94, 376.01, -159.15|",
    "Boss|-53.98, 378.00, -197.58|",
    "MoveTo|-54.15, 378.00, -213.41|"
  ],
  "meta": {
    "createdAt": 106,
    "changelog": [],
    "notes": []
  }
}
