{
  "actions": [
    {
      "tag": 0,
      "name": "StopForCombat",
      "position": {
        "X": -8,
        "Y": -1.06,
        "Z": 479
      },
      "arguments": [
        "False"
      ],
      "note": ""
    },
    {
      "tag": 0,
      "name": "MoveTo",
      "position": {
        "X": -7.38,
        "Y": -2.23,
        "Z": 391.99
      },
      "arguments": [
        ""
      ],
      "note": ""
    },
    {
      "tag": 0,
      "name": "StopForCombat",
      "position": {
        "X": -6.16,
        "Y": -2.39,
        "Z": 414.16
      },
      "arguments": [
        "True"
      ],
      "note": ""
    },
    {
      "tag": 0,
      "name": "StopForCombat",
      "position": {
        "X": -9.56,
        "Y": -1.06,
        "Z": 360.04
      },
      "arguments": [
        "False"
      ],
      "note": ""
    },
    {
      "tag": 0,
      "name": "MoveTo",
      "position": {
        "X": -83.62,
        "Y": 0,
        "Z": 328.71
      },
      "arguments": [
        ""
      ],
      "note": ""
    },
    {
      "tag": 0,
      "name": "MoveTo",
      "position": {
        "X": -99.77,
        "Y": 0,
        "Z": 287.37
      },
      "arguments": [
        ""
      ],
      "note": ""
    },
    {
      "tag": 0,
      "name": "StopForCombat",
      "position": {
        "X": -90.26,
        "Y": 0,
        "Z": 309.3
      },
      "arguments": [
        "True"
      ],
      "note": ""
    },
    {
      "tag": 4,
      "name": "Revival",
      "position": {
        "X": -100.3,
        "Y": 7,
        "Z": 238.13
      },
      "arguments": [
        ""
      ],
      "note": ""
    },
    {
      "tag": 0,
      "name": "Boss",
      "position": {
        "X": -100.24,
        "Y": 7,
        "Z": 201.67
      },
      "arguments": [
        ""
      ],
      "note": ""
    },
    {
      "tag": 0,
      "name": "MoveTo",
      "position": {
        "X": -99.98,
        "Y": 7,
        "Z": 190.82
      },
      "arguments": [
        ""
      ],
      "note": ""
    },
    {
      "tag": 0,
      "name": "StopForCombat",
      "position": {
        "X": -100.09,
        "Y": 7,
        "Z": 164.33
      },
      "arguments": [
        "False"
      ],
      "note": ""
    },
    {
      "tag": 0,
      "name": "MoveTo",
      "position": {
        "X": -73.56,
        "Y": 7.01,
        "Z": 160.94
      },
      "arguments": [
        ""
      ],
      "note": ""
    },
    {
      "tag": 0,
      "name": "MoveTo",
      "position": {
        "X": -71.78,
        "Y": 7.01,
        "Z": 102.07
      },
      "arguments": [
        ""
      ],
      "note": ""
    },
    {
      "tag": 0,
      "name": "MoveTo",
      "position": {
        "X": -56.91,
        "Y": 7,
        "Z": 102.18
      },
      "arguments": [
        ""
      ],
      "note": ""
    },
    {
      "tag": 0,
      "name": "MoveTo",
      "position": {
        "X": -50.23,
        "Y": 7,
        "Z": 69.79
      },
      "arguments": [
        ""
      ],
      "note": ""
    },
    {
      "tag": 0,
      "name": "StopForCombat",
      "position": {
        "X": -57.05,
        "Y": 7,
        "Z": 102.42
      },
      "arguments": [
        "True"
      ],
      "note": ""
    },
    {
      "tag": 0,
      "name": "Wait",
      "position": {
        "X": -41.32,
        "Y": 7.05,
        "Z": 94.14
      },
      "arguments": [
        "300"
      ],
      "note": ""
    },
    {
      "tag": 0,
      "name": "StopForCombat",
      "position": {
        "X": -43.77,
        "Y": 7.05,
        "Z": 92.26
      },
      "arguments": [
        "False"
      ],
      "note": ""
    },
    {
      "tag": 0,
      "name": "MoveTo",
      "position": {
        "X": -42.47,
        "Y": 7,
        "Z": 37.39
      },
      "arguments": [
        ""
      ],
      "note": ""
    },
    {
      "tag": 0,
      "name": "MoveTo",
      "position": {
        "X": -47.8,
        "Y": 7.05,
        "Z": -13.58
      },
      "arguments": [
        ""
      ],
      "note": ""
    },
    {
      "tag": 0,
      "name": "StopForCombat",
      "position": {
        "X": -48.84,
        "Y": 7.05,
        "Z": 3.24
      },
      "arguments": [
        "True"
      ],
      "note": ""
    },
    {
      "tag": 0,
      "name": "MoveTo",
      "position": {
        "X": -46.36,
        "Y": 7.05,
        "Z": -37.68
      },
      "arguments": [
        ""
      ],
      "note": ""
    },
    {
      "tag": 0,
      "name": "MoveTo",
      "position": {
        "X": 0.06,
        "Y": 7.03,
        "Z": -38.12
      },
      "arguments": [
        ""
      ],
      "note": ""
    },
    {
      "tag": 0,
      "name": "MoveTo",
      "position": {
        "X": 5.71,
        "Y": 7,
        "Z": -46.47
      },
      "arguments": [
        ""
      ],
      "note": ""
    },
    {
      "tag": 4,
      "name": "Revival",
      "position": {
        "X": -0.06,
        "Y": 7.03,
        "Z": -72.58
      },
      "arguments": [
        ""
      ],
      "note": ""
    },
    {
      "tag": 0,
      "name": "Boss",
      "position": {
        "X": 0.06,
        "Y": 7,
        "Z": -103.67
      },
      "arguments": [
        ""
      ],
      "note": ""
    },
    {
      "tag": 0,
      "name": "MoveTo",
      "position": {
        "X": 0.14,
        "Y": 7,
        "Z": -119.5
      },
      "arguments": [
        ""
      ],
      "note": ""
    },
    {
      "tag": 0,
      "name": "StopForCombat",
      "position": {
        "X": 0.11,
        "Y": 7,
        "Z": -122.44
      },
      "arguments": [
        "False"
      ],
      "note": ""
    },
    {
      "tag": 0,
      "name": "MoveTo",
      "position": {
        "X": 0.16,
        "Y": 7.03,
        "Z": -230.88
      },
      "arguments": [
        ""
      ],
      "note": ""
    },
    {
      "tag": 0,
      "name": "StopForCombat",
      "position": {
        "X": 0.2,
        "Y": 7,
        "Z": -202.65
      },
      "arguments": [
        "True"
      ],
      "note": ""
    },
    {
      "tag": 0,
      "name": "StopForCombat",
      "position": {
        "X": -0.04,
        "Y": 7.21,
        "Z": -263.12
      },
      "arguments": [
        "False"
      ],
      "note": ""
    },
    {
      "tag": 0,
      "name": "MoveTo",
      "position": {
        "X": 68.21,
        "Y": 7,
        "Z": -326.44
      },
      "arguments": [
        ""
      ],
      "note": ""
    },
    {
      "tag": 0,
      "name": "StopForCombat",
      "position": {
        "X": 47.5,
        "Y": 7.05,
        "Z": -321.54
      },
      "arguments": [
        "True"
      ],
      "note": ""
    },
    {
      "tag": 0,
      "name": "Wait",
      "position": {
        "X": 19.05,
        "Y": 7,
        "Z": -327.13
      },
      "arguments": [
        "300"
      ],
      "note": ""
    },
    {
      "tag": 0,
      "name": "MoveTo",
      "position": {
        "X": 99.22,
        "Y": 7.05,
        "Z": -348.06
      },
      "arguments": [
        ""
      ],
      "note": ""
    },
    {
      "tag": 4,
      "name": "Revival",
      "position": {
        "X": 90.25,
        "Y": 11.97,
        "Z": -405.15
      },
      "arguments": [
        ""
      ],
      "note": ""
    },
    {
      "tag": 0,
      "name": "Boss",
      "position": {
        "X": 90.05,
        "Y": 12,
        "Z": -437.4
      },
      "arguments": [
        ""
      ],
      "note": ""
    },
    {
      "tag": 0,
      "name": "MoveTo",
      "position": {
        "X": 90.08,
        "Y": 12,
        "Z": -438.87
      },
      "arguments": [
        ""
      ],
      "note": ""
    }
  ],
  "interactables": [],
  "meta": {
    "createdAt": 106,
    "changelog": [
      {
        "version": 161,
        "change": "Converted to new JSON Structure"
      },
      {
        "version": 163,
        "change": "Converted to newer JSON Structure"
      },
      {
        "version": 164,
        "change": "Converted to JSON Structure with Tags"
      }
    ],
    "notes": []
  }
}