{
  "actions": [
    "MoveTo|-29.66, 492.70, 114.56|",
    "StopForCombat|-99.32, 501.32, 102.94|False",
    "MoveTo|-115.65, 500.86, 74.89|",
    "MoveTo|-115.67, 506.42, 27.67|",
    "StopForCombat|-115.79, 506.42, 44.08|True",
    "Revival|-116.43, 506.42, -10.70|",
    "AutoMoveFor|-116.30, 506.42, -16.00|8000",
    "Boss|852.22, 46.00, 808.35|",
    "MoveTo|852.01, 46.00, 815.44|",
    "Wait|0, 0, 0|2000",
    "StopForCombat|815.35, 41.72, 763.55|False",
    "MoveTo|807.99, 35.53, 724.31|",
    "MoveTo|781.63, 33.55, 735.12|",
    "StopForCombat|745.84, 33.56, 727.19|True",
    "MoveTo|779.71, 53.19, 619.42|",
    "Wait|0, 0, 0|10000",
    "MoveTo|748.93, 64.79, 611.80|",
    "MoveTo|745.31, 64.79, 617.26|",
    "Revival|747.20, 64.79, 612.33|",
    "AutoMoveFor|744.10, 64.79, 612.70|5000",
    "Boss|-533.33, -466.00, -381.60|",
    "MoveTo|-533.12, -466.00, -387.23|",
    "StopForCombat|-565.53, -469.39, -429.93|False",
    "MoveTo|-590.15, -472.88, -441.35|",
    "MoveTo|-583.65, -467.69, -478.37|",
    "StopForCombat|-577.19, -468.22, -466.93|True",
    "MoveTo|-583.88, -463.99, -510.21|",
    "StopForCombat|-609.67, -466.69, -504.35|False",
    "MoveTo|-701.89, -470.96, -560.67|",
    "MoveTo|-732.53, -474.35, -564.92|",
    "MoveTo|-732.79, -478.52, -590.39|",
    "StopForCombat|-727.15, -478.55, -583.48|True",
    "Revival|-758.61, -476.86, -621.17|",
    "Boss|-758.72, -474.00, -647.41|",
    "MoveTo|-759.11, -474.00, -658.35|"
  ],
  "meta": {
    "createdAt": 106,
    "changelog": [],
    "notes": []
  }
}