{
  "actions": [
    "MoveTo|-100.27, 0.00, 263.57|",
    "Revival|-100.30, 7.00, 238.13|",
    "Boss|-100.24, 7.00, 201.67|",
    "MoveTo|-99.98, 7.00, 190.82|",
    "MoveTo|-71.78, 7.01, 102.07|",
    "MoveTo|-56.91, 7.00, 102.18|",
    "MoveTo|-41.32, 7.05, 94.14|",
    "MoveTo|-46.36, 7.05, -37.68|",
    "MoveTo|0.06, 7.03, -38.12|",
    "MoveTo|5.71, 7.00, -46.47|",
    "Revival|-0.06, 7.03, -72.58|",
    "Boss|0.06, 7.00, -103.67|",
    "MoveTo|19.05, 7.00, -327.04|",
    "MoveTo|21.55, 7.03, -320.29|",
    "MoveTo|99.11, 7.05, -347.91|",
    "Revival|90.25, 11.97, -405.15|",
    "Boss|90.05, 12.00, -437.40|",
    "MoveTo|90.08, 12.00, -438.87|"
  ],
  "meta": {
    "createdAt": 106,
    "changelog": [],
    "notes": []
  }
}