{
  "actions": [
    "MoveTo|29.84, 302.00, 126.74|",
    "AutoMoveFor|29.83, 302.00, 135.95|6500",
    "Interactable|-172.13, -504.00, 11.23|2013731 (Elevator Console)",
    "Wait|0, 0, 0|8000",
    "Revival|-98.76, -500.00, 156.89|",
    "MoveTo|-98.76, -500.00, 156.89|",
    "AutoMoveFor|-98.80, -500.00, 152.33|6000",
    "Boss|-87.34, -120.00, -186.23|",
    "MoveTo|-75.80, -120.00, -179.96|",
    "MoveTo|-36.42, -120.00, -180.33|",
    "MoveTo|44.58, -120.00, -129.21|",
    "MoveTo|84.94, -120.00, -125.36|",
    "AutoMoveFor|85.12, -120.00, -116.10|4000",
	"PausePandora|0, 0, 0|Auto-interact with Objects in Instances|5000",
    "MoveTo|49.36, -93.90, -60.94|",
    "MoveTo|-187.33, -94.00, -86.08|",
    "Revival|-171.57, -94.00, -107.90|",
    "Boss|-172.06, -94.00, -146.50|",
    "MoveTo|-172.06, -94.00, -160.17|",
    "MoveTo|-171.92, -94.00, -215.20|",
    "AutoMoveFor|-172.11, -90.61, -227.50|7000",
    "MoveTo|89.88, 0.00, 227.16|",
    "MoveTo|102.84, 0.00, 220.83|",
    "MoveTo|96.41, 0.00, 213.82|",
    "MoveTo|118.70, 0.00, 196.30|",
    "MoveTo|157.48, 0.00, 179.80|",
    "MoveTo|189.81, 0.00, 64.66|",
    "Revival|189.73, 0.00, 33.64|",
    "Boss|189.80, 0.00, -3.01|",
    "MoveTo|189.92, 0.00, -12.38|"
  ],
  "meta": {
    "createdAt": 106,
    "changelog": [],
    "notes": []
  }
}