{
  "actions": [
    "MoveTo|-58.02, 16.00, 403.41|",
    "Boss|-58.02, 16.00, 403.41|",
    "MoveTo|-146.87, 33.72, 330.04|",
    "Boss|-147.10, 34.00, 323.95|",
    "MoveTo|97.11, 63.94, 265.26|",
    "Boss|109.61, 63.99, 264.87|",
    "MoveTo|200.18, 81.91, 211.35|",
    "Boss|200.22, 82.01, 204.99|",
    "MoveTo|-0.17, 95.20, 96.99|",
    "MoveTo|-0.01, 129.09, -150.90|",
    "Boss|0.18, 129.30, -162.62|",
    "MoveTo|0.25, 142.01, -311.52|",
    "MoveTo|0.21, 143.65, -320.49|",
    "Boss|-321.26, 280.05, -404.83|"
  ],
  "meta": {
    "createdAt": 115,
    "changelog": [],
    "notes": []
  }
}