{
  "actions": [
    "MoveTo|174.77, 2.02, -11.38|",
    "MoveTo|131.56, -0.53, 6.03|",
    "MoveTo|84.79, -3.71, 55.32|",
    "MoveTo|55.65, 9.16, 103.44|",
    "MoveTo|12.11, 0.93, 103.27|",
    "Wait|20.86, 0.93, 131.90|3000",
    "MoveTo|21.88, 0.93, 117.51|",
    "MoveTo|26.99, 0.93, 124.05|",
    "Jump|0, 0, 0|200",
    "Wait|0, 0, 0|200",
    "MoveTo|31.35, 2.00, 130.58|",
    "Interactable|0, 0, 0|Aetherial Flow",
    "Wait|0, 0, 0|1000",
    "Revival|0, 0, 0|Checkpoint1",
    "MoveTo|74.82, -11.17, -105.85|",
	"Interactable|0, 0, 0|2001624 (Chain Winch)",
	"MoveTo|42.43, -11.04, -86.24|",
    "Interactable|0, 0, 0|2001625 (Chain Winch)",
    "MoveTo|-25.15, 0.07, -129.47|",
    "MoveTo|6.28, -11.02, -173.82|",
	"MoveTo|16.55, -10.97, -189.87|",
    "Interactable|0, 0, 0|2001626 (Chain Winch)",
	"MoveTo|-37.32, -11.07, -128.49|",
    "Interactable|0, 0, 0|2001627 (Chain Winch)",
	"MoveTo|-82.19, -11.09, -111.16|",
    "Interactable|0, 0, 0|2001628 (Chain Winch)",
    "MoveTo|-134.58, -4.57, -107.25|",
    "Wait|-183.60, -14.38, -111.97|1000",
    "MoveTo|-182.36, -15.31, -134.21|",
    "Wait|0, 0, 0|1100",
	"MoveTo|-179.95, -15.31, -133.67|",
    "Interactable|0, 0, 0|Aetherial Flow",
    "Wait|0, 0, 0|2000",
    "Revival|0, 0, 0|Checkpoint2",
    "MoveTo|-159.73, 8.95, -14.25|",
    "MoveTo|-172.03, 12.66, 12.61|",
    "Interactable|0, 0, 0|2001623 (Ludus Door)",
    "Wait|-230.35, 17.33, 16.70|2200",
    "Boss|-269.93, 17.23, 19.40|",
    "MoveTo|-277.00, 17.23, 19.75|"
  ],
  "meta": {
    "createdAt": 106,
    "changelog": [],
    "notes": []
  }
}