{
  "actions": [
    "MoveTo|120.76, -9.31, 37.99|",
    "MoveTo|110.63, -8.75, 39.70|",
    "Wait|0, 0, 0|2000",
    "MoveTo|86.21, -8.64, 34.64|",
    "MoveTo|81.39, -7.51, 20.98|",
    "MoveTo|62.93, -9.14, 6.80|",
    "Boss|35.25, -9.34, 2.70|",
	"MoveTo|15.31, -10.07, -43.92|",
    "Interactable|0, 0, 0|Morbol Fruit",
    "Boss|-158.74, -30.50, -141.24|",
    "MoveTo|-210.27, -26.01, -177.75|",
    "MoveTo|-221.18, -25.74, -176.30|",
    "MoveTo|-230.55, -26.72, -178.32|",
    "MoveTo|-240.34, -26.37, -177.88|",
    "MoveTo|-337.09, -32.16, -143.79|",
    "MoveTo|-337.54, -33.03, -127.61|",
    "Boss|-405.21, -33.46, -125.36|"
  ],
  "meta": {
    "createdAt": 106,
    "changelog": [],
    "notes": []
  }
}