{
  "actions": [
    "MoveTo|-353.50, 41.60, 279.17|",
    "Boss|-371.92, 42.00, 273.24|",
    "Boss|-423.90, 41.60, 279.38|",
    "Boss|-441.70, 42.00, 218.71|",
    "Boss|-452.03, 25.53, 69.85|",
    "Interactable|-450.51, 24.74, 12.31|2002804 (Shortcut)",
    "SelectYesno|-110.22, 45.51, 318.52|Yes",
    "MoveTo|10.37, 48.54, 278.98|",
    "MoveTo|126.25, 62.40, 269.16|",
    "Boss|195.66, 50.56, 245.96|",
    "MoveTo|353.65, 57.95, 279.33|",
    "Boss|411.06, 66.21, 280.41|",
    "Interactable|451.20, 66.16, 288.54|2002805 (Shortcut)",
    "SelectYesno|-110.36, 45.51, 316.10|Yes",
    "MoveTo|-109.21, 52.90, 88.15|",
    "MoveTo|-109.39, 42.02, 76.57|",
    "MoveTo|-109.45, 41.98, 72.50|",
    "Boss|-115.67, 44.17, -136.46|",
    "MoveTo|-109.91, 68.04, -342.31|",
    "Boss|-109.99, 68.05, -338.71|",
    "Interactable|-113.87, 68.16, -376.17|2002806 (Shortcut)",
    "SelectYesno|-109.55, 45.51, 315.78|Yes",
    "MoveTo|-110.57, 48.22, 300.28|",
    "Boss|-112.49, 650.13, 225.52|"
  ],
  "meta": {
    "createdAt": 115,
    "changelog": [],
    "notes": []
  }
}