{
  "actions": [
    {
      "tag": 0,
      "name": "MoveTo",
      "position": {
        "X": -353.5,
        "Y": 41.6,
        "Z": 279.17
      },
      "arguments": [
        ""
      ],
      "note": ""
    },
    {
      "tag": 0,
      "name": "Boss",
      "position": {
        "X": -371.92,
        "Y": 42,
        "Z": 273.24
      },
      "arguments": [
        ""
      ],
      "note": ""
    },
    {
      "tag": 0,
      "name": "Boss",
      "position": {
        "X": -423.9,
        "Y": 41.6,
        "Z": 279.38
      },
      "arguments": [
        ""
      ],
      "note": ""
    },
    {
      "tag": 0,
      "name": "Boss",
      "position": {
        "X": -441.7,
        "Y": 42,
        "Z": 218.71
      },
      "arguments": [
        ""
      ],
      "note": ""
    },
    {
      "tag": 0,
      "name": "Boss",
      "position": {
        "X": -452.03,
        "Y": 25.53,
        "Z": 69.85
      },
      "arguments": [
        ""
      ],
      "note": ""
    },
    {
      "tag": 0,
      "name": "Interactable",
      "position": {
        "X": -450.51,
        "Y": 24.74,
        "Z": 12.31
      },
      "arguments": [
        "2002804"
      ],
      "note": "Shortcut"
    },
    {
      "tag": 0,
      "name": "SelectYesno",
      "position": {
        "X": -110.22,
        "Y": 45.51,
        "Z": 318.52
      },
      "arguments": [
        "Yes"
      ],
      "note": ""
    },
    {
      "tag": 0,
      "name": "MoveTo",
      "position": {
        "X": 10.37,
        "Y": 48.54,
        "Z": 278.98
      },
      "arguments": [
        ""
      ],
      "note": ""
    },
    {
      "tag": 0,
      "name": "MoveTo",
      "position": {
        "X": 126.25,
        "Y": 62.4,
        "Z": 269.16
      },
      "arguments": [
        ""
      ],
      "note": ""
    },
    {
      "tag": 0,
      "name": "Boss",
      "position": {
        "X": 195.66,
        "Y": 50.56,
        "Z": 245.96
      },
      "arguments": [
        ""
      ],
      "note": ""
    },
    {
      "tag": 0,
      "name": "MoveTo",
      "position": {
        "X": 353.65,
        "Y": 57.95,
        "Z": 279.33
      },
      "arguments": [
        ""
      ],
      "note": ""
    },
    {
      "tag": 0,
      "name": "Boss",
      "position": {
        "X": 411.06,
        "Y": 66.21,
        "Z": 280.41
      },
      "arguments": [
        ""
      ],
      "note": ""
    },
    {
      "tag": 0,
      "name": "Interactable",
      "position": {
        "X": 451.2,
        "Y": 66.16,
        "Z": 288.54
      },
      "arguments": [
        "2002805"
      ],
      "note": "Shortcut"
    },
    {
      "tag": 0,
      "name": "SelectYesno",
      "position": {
        "X": -110.36,
        "Y": 45.51,
        "Z": 316.1
      },
      "arguments": [
        "Yes"
      ],
      "note": ""
    },
    {
      "tag": 0,
      "name": "MoveTo",
      "position": {
        "X": -109.21,
        "Y": 52.9,
        "Z": 88.15
      },
      "arguments": [
        ""
      ],
      "note": ""
    },
    {
      "tag": 0,
      "name": "MoveTo",
      "position": {
        "X": -109.39,
        "Y": 42.02,
        "Z": 76.57
      },
      "arguments": [
        ""
      ],
      "note": ""
    },
    {
      "tag": 0,
      "name": "MoveTo",
      "position": {
        "X": -109.45,
        "Y": 41.98,
        "Z": 72.5
      },
      "arguments": [
        ""
      ],
      "note": ""
    },
    {
      "tag": 0,
      "name": "Boss",
      "position": {
        "X": -115.67,
        "Y": 44.17,
        "Z": -136.46
      },
      "arguments": [
        ""
      ],
      "note": ""
    },
    {
      "tag": 0,
      "name": "MoveTo",
      "position": {
        "X": -109.91,
        "Y": 68.04,
        "Z": -342.31
      },
      "arguments": [
        ""
      ],
      "note": ""
    },
    {
      "tag": 0,
      "name": "Boss",
      "position": {
        "X": -109.99,
        "Y": 68.05,
        "Z": -338.71
      },
      "arguments": [
        ""
      ],
      "note": ""
    },
    {
      "tag": 0,
      "name": "Interactable",
      "position": {
        "X": -113.87,
        "Y": 68.16,
        "Z": -376.17
      },
      "arguments": [
        "2002806"
      ],
      "note": "Shortcut"
    },
    {
      "tag": 0,
      "name": "SelectYesno",
      "position": {
        "X": -109.55,
        "Y": 45.51,
        "Z": 315.78
      },
      "arguments": [
        "Yes"
      ],
      "note": ""
    },
    {
      "tag": 0,
      "name": "MoveTo",
      "position": {
        "X": -110.57,
        "Y": 48.22,
        "Z": 300.28
      },
      "arguments": [
        ""
      ],
      "note": ""
    },
    {
      "tag": 0,
      "name": "Boss",
      "position": {
        "X": -112.49,
        "Y": 650.13,
        "Z": 225.52
      },
      "arguments": [
        ""
      ],
      "note": ""
    }
  ],
  "interactables": [],
  "meta": {
    "createdAt": 115,
    "changelog": [
      {
        "version": 161,
        "change": "Converted to new JSON Structure"
      },
      {
        "version": 163,
        "change": "Converted to newer JSON Structure"
      },
      {
        "version": 164,
        "change": "Converted to JSON Structure with Tags"
      }
    ],
    "notes": []
  }
}