{
  "actions": [
    "MoveTo|-196.31, -4.44, -40.47|",
    "MoveTo|-43.66, -0.00, -69.76|",
    "Boss|-124.56, -2.80, 5.33|",
    "MoveTo|-124.56, -2.80, 5.33|",
    "MoveTo|-107.61, -2.00, 52.87|",
    "AutoMoveFor|-98.07, 0.36, 42.84|6000",
    "MoveTo|119.01, 44.00, -0.29|",
    "MoveTo|198.65, 44.00, -100.27|",
    "Boss|200.17, 44.00, -152.28|",
    "MoveTo|197.42, 44.00, -164.49|",
    "Interactable|0, 0, 0|Aetherial Flow",
    "MoveTo|199.73, -0.00, -1.16|",
    "Interactable|0, 0, 0|Fell Orb",
    "Wait|199.73, -0.00, -1.16|20000",
    "Wait|0, 0, 0|20000",
    "Interactable|0, 0, 0|Aetherial Flow",
    "Wait|0, 0, 0|4000",
    "Boss|200.08, -0.00, 232.89|",
    "MoveTo|200.13, -0.00, 235.34|"
  ],
  "meta": {
    "createdAt": 106,
    "changelog": [],
    "notes": []
  }
}
