{
  "actions": [
    "MoveTo|-3.26, 13.16, 55.05|",
    "Boss|-2.52, 11.55, 16.15|",
    "MoveTo|48.23, 6.00, -237.34|",
	"ForceAttack|48.23, 6.00, -237.34|",
    "MoveTo|50.97, 3.27, -248.25|",
    "MoveTo|44.23, 1.14, -337.10|",
    "Wait|0, 0, 0|500",
    "MoveTo|-9.01, 0.90, -384.37|",
    "Boss|-14.56, -0.30, -397.75|",
    "MoveTo|-44.60, 0.90, -411.77|",
    "MoveTo|-44.51, 0.90, -417.19|"
  ],
  "meta": {
    "createdAt": 106,
    "changelog": [],
    "notes": []
  }
}