{
  "actions": [
    "MoveTo|-34.60, -0.45, 12.08|",
    "MoveTo|-35.80, 1.01, 28.83|",
    "Wait|0, 0, 0|1000",
    "MoveTo|-32.24, 0.08, 23.14|",
    "AutoMoveFor|-36.65, 1.18, 26.03|5000",
    "MoveTo|15.86, -37.13, 65.65|",
    "Wait|0, 0, 0|1000",
    "MoveTo|19.10, -37.53, 62.35|",
    "AutoMoveFor|15.61, -37.13, 65.09|5000",
    "MoveTo|49.40, -38.00, 12.34|",
    "MoveTo|38.95, -37.72, 12.59|",
    "Wait|0, 0, 0|1000",
    "MoveTo|41.86, -37.72, 14.52|",
    "MoveTo|49.94, -37.68, 9.55|",
    "AutoMoveFor|44.05, -37.75, 10.96|5000",
    "MoveTo|17.46, -75.23, 26.96|",
    "MoveTo|15.11, -75.27, 32.45|",
    "Wait|0, 0, 0|1000",
    "MoveTo|22.66, -75.81, 36.92|",
    "AutoMoveFor|19.47, -75.31, 32.65|5000",
    "MoveTo|-6.99, -113.49, 22.39|",
    "Interactable|0, 0, 0|Silent Terminal",
    "MoveTo|-36.71, -112.52, 20.05|",
    "MoveTo|-27.94, -112.14, 14.67|",
    "Wait|0, 0, 0|1000",
    "MoveTo|-30.38, -112.04, 15.04|",
    "Wait|0, 0, 0|7000",
    "MoveTo|-17.46, -150.45, 0.21|",
    "Wait|0, 0, 0|1000",
    "MoveTo|-15.85, -150.35, 1.69|",
    "Wait|0, 0, 0|5000",
    "MoveTo|-29.54, -187.76, -4.51|",
    "MoveTo|-29.37, -187.86, 0.20|",
    "Wait|0, 0, 0|1000",
    "MoveTo|-30.36, -187.76, -2.32|",
    "Wait|0, 0, 0|5000",
    "MoveTo|-11.07, -186.93, 52.94|",
    "Wait|0, 0, 0|1000",
    "MoveTo|-13.36, -186.76, 54.86|",
    "Wait|0, 0, 0|5000",
    "MoveTo|61.18, -224.54, 23.26|",
    "MoveTo|60.69, -224.64, 18.74|",
    "Wait|0, 0, 0|1000",
    "MoveTo|59.83, -224.53, 21.18|",
    "Wait|0, 0, 0|5000",
    "MoveTo|43.26, -262.09, 7.73|",
    "Wait|0, 0, 0|1000",
    "MoveTo|45.12, -261.99, 5.99|",
    "Wait|0, 0, 0|5000",
    "MoveTo|25.07, -299.69, 18.28|",
    "Wait|0, 0, 0|1000",
    "MoveTo|27.00, -299.59, 19.82|",
    "Wait|0, 0, 0|5000",
    "MoveTo|-7.79, -300.99, -11.65|",
    "Interactable|0, 0, 0|Silent Terminal",
    "MoveTo|-16.13, -299.77, -19.96|",
    "Wait|0, 0, 0|1000",
    "MoveTo|-16.39, -299.67, -21.78|",
    "Wait|0, 0, 0|5000",
    "MoveTo|-0.28, -300.35, 20.04|",
    "Wait|0, 0, 0|1000",
    "MoveTo|-0.04, -300.25, 22.08|",
    "Wait|0, 0, 0|5000",
    "MoveTo|-26.76, -347.50, 21.73|",
    "Wait|0, 0, 0|1000",
    "MoveTo|-27.37, -347.42, 23.65|",
    "Wait|0, 0, 0|5000",
    "MoveTo|-62.12, -384.00, -18.14|",
    "Wait|0, 0, 0|1000",
    "MoveTo|-64.2, -383.90, -17.47|",
    "Wait|0, 0, 0|5000",
    "MoveTo|-31.76, -384.20, -52.79|",
    "Wait|0, 0, 0|1000",
    "MoveTo|-33.37, -384.10, -51.63|",
    "Wait|0, 0, 0|5000",
    "MoveTo|17.26, -423.62, -13.24|",
    "Wait|0, 0, 0|1000",
    "MoveTo|16.84, -423.52, -15.29|",
    "Wait|0, 0, 0|5000",
    "MoveTo|19.78, -422.56, 54.35|",
    "Wait|0, 0, 0|1000",
    "MoveTo|21.57, -422.46, 53.04|",
    "Wait|0, 0, 0|5000",
    "MoveTo|-25.32, -423.47, 42.02|",
    "Interactable|0, 0, 0|Silent Terminal",
    "MoveTo|-16.41, -423.55, 18.50",
    "Interactable|0, 0, 0|Allagan Terminal"
  ],
  "meta": {
    "createdAt": 106,
    "changelog": [],
    "notes": []
  }
}
