{
  "actions": [
    "MoveTo|-374.00, -270.66, -0.86|",
    "Interactable|0, 0, 0|Inner Bulkhead",
    "AutoMoveFor|-417.04, -270.66, -0.79|5000",
    "MoveTo|-451.22, 800.03, 1.08|",
    "Wait|0, 0, 0|30000",
    "MoveTo|-462.81, 800.03, 0.05|",
    "Wait|0, 0, 0|5000",
    "MoveTo|-437.30, 800.03, -0.23|",
    "Wait|0, 0, 0|1000",
    "MoveTo|-450.23, 800.00, 45.02|",
    "Boss|-449.98, 800.00, 82.17|",
    "MoveTo|-451.66, 800.00, 88.20|",
    "MoveTo|-448.51, 800.00, 88.18|",
    "MoveTo|-450.82, 799.78, 142.28|",
    "Interactable|0, 0, 0|Allagan Terminal"
  ],
  "meta": {
    "createdAt": 106,
    "changelog": [],
    "notes": []
  }
}
