{
  "actions": [
    {
      "tag": 0,
      "name": "MoveTo",
      "position": {
        "X": 75.03,
        "Y": -516.68,
        "Z": -128.56
      },
      "arguments": [
        ""
      ],
      "note": ""
    },
    {
      "tag": 0,
      "name": "MoveTo",
      "position": {
        "X": 69.3,
        "Y": -531.71,
        "Z": -49.98
      },
      "arguments": [
        ""
      ],
      "note": ""
    },
    {
      "tag": 0,
      "name": "Wait",
      "position": {
        "X": 0,
        "Y": 0,
        "Z": 0
      },
      "arguments": [
        "1000"
      ],
      "note": ""
    },
    {
      "tag": 0,
      "name": "MoveTo",
      "position": {
        "X": 71.49,
        "Y": -531.55,
        "Z": -50.47
      },
      "arguments": [
        ""
      ],
      "note": ""
    },
    {
      "tag": 0,
      "name": "Wait",
      "position": {
        "X": 0,
        "Y": 0,
        "Z": 0
      },
      "arguments": [
        "3000"
      ],
      "note": ""
    },
    {
      "tag": 0,
      "name": "MoveTo",
      "position": {
        "X": 0.11,
        "Y": -505.05,
        "Z": 25.96
      },
      "arguments": [
        ""
      ],
      "note": ""
    },
    {
      "tag": 0,
      "name": "Interactable",
      "position": {
        "X": 0,
        "Y": 0,
        "Z": 0
      },
      "arguments": [
        "Frontal Bulkhead"
      ],
      "note": ""
    },
    {
      "tag": 0,
      "name": "MoveTo",
      "position": {
        "X": 0.07,
        "Y": -506.67,
        "Z": 49.66
      },
      "arguments": [
        ""
      ],
      "note": ""
    },
    {
      "tag": 0,
      "name": "Wait",
      "position": {
        "X": 0,
        "Y": 0,
        "Z": 0
      },
      "arguments": [
        "1000"
      ],
      "note": ""
    },
    {
      "tag": 0,
      "name": "MoveTo",
      "position": {
        "X": 0.14,
        "Y": -506.54,
        "Z": 47.61
      },
      "arguments": [
        ""
      ],
      "note": ""
    },
    {
      "tag": 0,
      "name": "Wait",
      "position": {
        "X": 0,
        "Y": 0,
        "Z": 0
      },
      "arguments": [
        "3000"
      ],
      "note": ""
    },
    {
      "tag": 0,
      "name": "Boss",
      "position": {
        "X": -1.98,
        "Y": -506.98,
        "Z": 91.81
      },
      "arguments": [
        ""
      ],
      "note": ""
    },
    {
      "tag": 0,
      "name": "MoveTo",
      "position": {
        "X": -2.48,
        "Y": -506.98,
        "Z": 101.34
      },
      "arguments": [
        ""
      ],
      "note": ""
    },
    {
      "tag": 0,
      "name": "MoveTo",
      "position": {
        "X": -5.04,
        "Y": -506.98,
        "Z": 124.76
      },
      "arguments": [
        ""
      ],
      "note": ""
    },
    {
      "tag": 0,
      "name": "MoveTo",
      "position": {
        "X": -0.37,
        "Y": -506.98,
        "Z": 125.09
      },
      "arguments": [
        ""
      ],
      "note": ""
    },
    {
      "tag": 0,
      "name": "MoveTo",
      "position": {
        "X": -7.45,
        "Y": -506.8,
        "Z": 148.35
      },
      "arguments": [
        ""
      ],
      "note": ""
    },
    {
      "tag": 0,
      "name": "Interactable",
      "position": {
        "X": 0,
        "Y": 0,
        "Z": 0
      },
      "arguments": [
        "Allagan Terminal"
      ],
      "note": ""
    }
  ],
  "interactables": [],
  "meta": {
    "createdAt": 106,
    "changelog": [
      {
        "version": 161,
        "change": "Converted to new JSON Structure"
      },
      {
        "version": 163,
        "change": "Converted to newer JSON Structure"
      },
      {
        "version": 164,
        "change": "Converted to JSON Structure with Tags"
      }
    ],
    "notes": []
  }
}