{
  "actions": [
    "MoveTo|75.03, -516.68, -128.56|",
    "MoveTo|69.30, -531.71, -49.98|",
    "Wait|0, 0, 0|1000",
    "MoveTo|71.49, -531.55, -50.47|",
    "Wait|0, 0, 0|3000",
    "MoveTo|0.11, -505.05, 25.96|",
    "Interactable|0, 0, 0|Frontal Bulkhead",
    "MoveTo|0.07, -506.67, 49.66|",
    "Wait|0, 0, 0|1000",
    "MoveTo|0.14, -506.54, 47.61|",
    "Wait|0, 0, 0|3000",
    "Boss|-1.98, -506.98, 91.81|",
    "MoveTo|-2.48, -506.98, 101.34|",
    "MoveTo|-5.04, -506.98, 124.76|",
    "MoveTo|-0.37, -506.98, 125.09|",
    "MoveTo|-7.45, -506.80, 148.35|",
    "Interactable|0, 0, 0|Allagan Terminal"
  ],
  "meta": {
    "createdAt": 106,
    "changelog": [],
    "notes": []
  }
}
