{
  "actions": [
    "MoveTo|-63.57, -12.00, -57.20|",
    "Interactable|0, 0, 0|Sun Sphere",
    "MoveTo|-58.23, -18.00, -0.01|",
    "MoveTo|-53.15, -18.00, 0.17|",
    "Interactable|0, 0, 0|Locked Door",
    "MoveTo|-12.17, -18.00, -0.01|",
    "AutoMoveFor|-3.98, -18.00, -0.02|3500",
    "MoveTo|-23.21, -51.00, -0.80|",
    "Boss|-47.12, -51.00, 1.13|",
    "MoveTo|-35.10, -51.00, -13.04|",
    "MoveTo|65.41, -41.19, -53.80|",
    "MoveTo|85.53, -35.02, 64.32|",
    "Wait|85.53, -35.02, 64.32|200",
    "Interactable|0, 0, 0|Moon Sphere",
    "Wait|106.85, -33.21, 64.53|200",
    "Interactable|0, 0, 0|Moon Sphere",
    "MoveTo|166.95, -45.00, 0.12|",
    "Interactable|0, 0, 0|Locked Door",
    "MoveTo|210.15, -45.09, -0.62|",
    "AutoMoveFor|218.67, -41.58, -0.56|3000",
    "MoveTo|258.19, -3.78, 0.43|",
    "Boss|238.07, -4.00, 0.34|",
    "MoveTo|223.26, -4.00, 2.39|",
    "MoveTo|223.19, -4.00, -2.60|",
    "Wait|190.17, -4.00, -73.62|3000",
    "Interactable|0, 0, 0|Star Sphere",
    "MoveTo|167.43, -4.00, -73.70|",
    "AutoMoveFor|164.67, -4.00, -73.72|3001",
    "Wait|-37.31, -19.00, -57.37|2000",
    "MoveTo|6.38, -19.00, -30.80|",
    "MoveTo|79.17, -18.00, -36.32|",
    "Interactable|0, 0, 0|Magicked Pedestal",
    "MoveTo|79.23, -18.00, 36.28|",
    "Interactable|0, 0, 0|Magicked Pedestal",
    "MoveTo|53.29, -18.00, 0.02|",
    "Interactable|0, 0, 0|Magicked Pedestal",
    "MoveTo|74.95, -11.00, -0.04|",
    "Wait|0, 0, 0|1500",
    "MoveTo|95.01, -4.00, -17.05|",
    "Boss|118.55, -4.00, 2.71|",
    "MoveTo|124.40, -4.00, -0.22|"
  ],
  "meta": {
    "createdAt": 106,
    "changelog": [],
    "notes": []
  }
}