{
  "actions": [
    "MoveTo|225.21, 40.06, -166.83|",
    "MoveTo|188.06, 31.07, -25.83|",
    "MoveTo|180.92, 32.95, -25.00|",
    "Interactable|0, 0, 0|Drainage Pump",
    "Boss|162.94, 13.92, -78.76|",
    "MoveTo|111.13, 13.62, -59.18|",
    "MoveTo|75.22, 14.19, -81.11|",
    "MoveTo|-23.79, 12.19, -26.42|",
    "MoveTo|-90.44, 7.38, 10.05|",
    "MoveTo|-96.55, 15.45, 88.79|",
    "Interactable|0, 0, 0|Door to Dead Man's Drink",
    "Boss|-102.73, 15.60, 122.99|",
    "MoveTo|-107.01, 15.63, 137.60|",
    "MoveTo|-162.72, 7.79, 183.02|",
    "MoveTo|-182.02, 6.44, 248.98|",
    "MoveTo|-289.47, 5.58, 267.48|",
    "Boss|-328.37, 4.81, 313.09|"
  ],
  "meta": {
    "createdAt": 106,
    "changelog": [],
    "notes": []
  }
}