{
  "actions": [
    "MoveTo|-1.55, -7.19, 101.37|",
    "Wait|28.76, -8.83, 100.15|1000",
    "Wait|4.09, -0.32, 56.25|4000",
    "Interactable|0, 0, 0|2005172 (Cold Steel Lever)",
	"MoveTo|-2.16, 0.96, 33.69|",
    "Interactable|0, 0, 0|2005173 (Damaged Winch)",
    "SelectYesno|-2.16, 0.96, 33.69|Yes",
    "Boss|0.53, -0.03, -0.44|",
    "MoveTo|157.08, -8.00, -24.07|",
	"MoveTo|148.74, -8.08, -23.14|",
    "Interactable|0, 0, 0|2005175 (Barracks Key)",
	"MoveTo|158.12, -8.00, -23.54",
    "Interactable|0, 0, 0|2005177 (Barracks Door)",
    "SelectYesno|158.12, -8.00, -23.54|Yes",
    "MoveTo|191.74, -8.05, -69.20|",
    "Wait|192.09, -8.05, -56.09|4000",
    "Wait|192.09, -8.05, -56.09|4000",
    "Interactable|0, 0, 0|2005176 (Lord Commander's Key)",
	"MoveTo|191.92, -8.05, -71.04|",
    "Interactable|0, 0, 0|2005178 (Lord Commander's Seat)",
    "SelectYesno|192.03, -8.05, -70.62|Yes",
    "Boss|191.17, -8.05, -124.19|",
    "AutoMoveFor|191.97, -7.93, -201.78|3000",
    "MoveTo|73.94, 24.00, -270.47|",
    "MoveTo|96.04, 24.00, -256.61|",
    "MoveTo|95.58, 24.00, -206.47|",
    "MoveTo|23.26, 28.00, -209.54|",
    "MoveTo|22.40, 28.00, -218.02|",
    "MoveTo|22.29, 28.00, -221.15|",
    "MoveTo|22.16, 28.00, -286.85|",
    "MoveTo|-25.60, 32.00, -285.88|",
    "MoveTo|-35.43, 32.00, -286.09|",
    "MoveTo|-39.27, 32.00, -286.02|",
    "MoveTo|-43.82, 32.65, -280.45|",
    "MoveTo|-69.07, 32.00, -291.78|",
	"Interactable|0, 0, 0|2005357 (Chapel Door)",
    "SelectYesno|-69.07, 32.00, -291.78|Yes",
    "Boss|-69.70, 32.06, -389.30|"
  ],
  "meta": {
    "createdAt": 106,
    "changelog": [],
    "notes": []
  }
}