{
  "actions": [
    {
      "tag": 0,
      "name": "MoveTo",
      "position": {
        "X": -1.55,
        "Y": -7.19,
        "Z": 101.37
      },
      "arguments": [
        ""
      ],
      "note": ""
    },
    {
      "tag": 0,
      "name": "Wait",
      "position": {
        "X": 28.76,
        "Y": -8.83,
        "Z": 100.15
      },
      "arguments": [
        "1000"
      ],
      "note": ""
    },
    {
      "tag": 0,
      "name": "Wait",
      "position": {
        "X": 4.09,
        "Y": -0.32,
        "Z": 56.25
      },
      "arguments": [
        "4000"
      ],
      "note": ""
    },
    {
      "tag": 0,
      "name": "Interactable",
      "position": {
        "X": 0,
        "Y": 0,
        "Z": 0
      },
      "arguments": [
        "2005172"
      ],
      "note": "Cold Steel Lever"
    },
    {
      "tag": 0,
      "name": "MoveTo",
      "position": {
        "X": -2.16,
        "Y": 0.96,
        "Z": 33.69
      },
      "arguments": [
        ""
      ],
      "note": ""
    },
    {
      "tag": 0,
      "name": "Interactable",
      "position": {
        "X": 0,
        "Y": 0,
        "Z": 0
      },
      "arguments": [
        "2005173"
      ],
      "note": "Damaged Winch"
    },
    {
      "tag": 0,
      "name": "SelectYesno",
      "position": {
        "X": -2.16,
        "Y": 0.96,
        "Z": 33.69
      },
      "arguments": [
        "Yes"
      ],
      "note": ""
    },
    {
      "tag": 0,
      "name": "Boss",
      "position": {
        "X": 0.53,
        "Y": -0.03,
        "Z": -0.44
      },
      "arguments": [
        ""
      ],
      "note": ""
    },
    {
      "tag": 0,
      "name": "MoveTo",
      "position": {
        "X": 157.08,
        "Y": -8,
        "Z": -24.07
      },
      "arguments": [
        ""
      ],
      "note": ""
    },
    {
      "tag": 0,
      "name": "MoveTo",
      "position": {
        "X": 148.74,
        "Y": -8.08,
        "Z": -23.14
      },
      "arguments": [
        ""
      ],
      "note": ""
    },
    {
      "tag": 0,
      "name": "Interactable",
      "position": {
        "X": 0,
        "Y": 0,
        "Z": 0
      },
      "arguments": [
        "2005175"
      ],
      "note": "Barracks Key"
    },
    {
      "tag": 0,
      "name": "MoveTo",
      "position": {
        "X": 158.12,
        "Y": -8,
        "Z": -23.54
      },
      "arguments": [
        ""
      ],
      "note": ""
    },
    {
      "tag": 0,
      "name": "Interactable",
      "position": {
        "X": 0,
        "Y": 0,
        "Z": 0
      },
      "arguments": [
        "2005177"
      ],
      "note": "Barracks Door"
    },
    {
      "tag": 0,
      "name": "SelectYesno",
      "position": {
        "X": 158.12,
        "Y": -8,
        "Z": -23.54
      },
      "arguments": [
        "Yes"
      ],
      "note": ""
    },
    {
      "tag": 0,
      "name": "MoveTo",
      "position": {
        "X": 191.74,
        "Y": -8.05,
        "Z": -69.2
      },
      "arguments": [
        ""
      ],
      "note": ""
    },
    {
      "tag": 0,
      "name": "Wait",
      "position": {
        "X": 192.09,
        "Y": -8.05,
        "Z": -56.09
      },
      "arguments": [
        "4000"
      ],
      "note": ""
    },
    {
      "tag": 0,
      "name": "Wait",
      "position": {
        "X": 192.09,
        "Y": -8.05,
        "Z": -56.09
      },
      "arguments": [
        "4000"
      ],
      "note": ""
    },
    {
      "tag": 0,
      "name": "Interactable",
      "position": {
        "X": 0,
        "Y": 0,
        "Z": 0
      },
      "arguments": [
        "2005176"
      ],
      "note": "Lord Commander\u0027s Key"
    },
    {
      "tag": 0,
      "name": "MoveTo",
      "position": {
        "X": 191.92,
        "Y": -8.05,
        "Z": -71.04
      },
      "arguments": [
        ""
      ],
      "note": ""
    },
    {
      "tag": 0,
      "name": "Interactable",
      "position": {
        "X": 0,
        "Y": 0,
        "Z": 0
      },
      "arguments": [
        "2005178"
      ],
      "note": "Lord Commander\u0027s Seat"
    },
    {
      "tag": 0,
      "name": "SelectYesno",
      "position": {
        "X": 192.03,
        "Y": -8.05,
        "Z": -70.62
      },
      "arguments": [
        "Yes"
      ],
      "note": ""
    },
    {
      "tag": 0,
      "name": "Boss",
      "position": {
        "X": 191.17,
        "Y": -8.05,
        "Z": -124.19
      },
      "arguments": [
        ""
      ],
      "note": ""
    },
    {
      "tag": 0,
      "name": "AutoMoveFor",
      "position": {
        "X": 191.97,
        "Y": -7.93,
        "Z": -201.78
      },
      "arguments": [
        "3000"
      ],
      "note": ""
    },
    {
      "tag": 0,
      "name": "MoveTo",
      "position": {
        "X": 73.94,
        "Y": 24,
        "Z": -270.47
      },
      "arguments": [
        ""
      ],
      "note": ""
    },
    {
      "tag": 0,
      "name": "MoveTo",
      "position": {
        "X": 96.04,
        "Y": 24,
        "Z": -256.61
      },
      "arguments": [
        ""
      ],
      "note": ""
    },
    {
      "tag": 0,
      "name": "MoveTo",
      "position": {
        "X": 95.58,
        "Y": 24,
        "Z": -206.47
      },
      "arguments": [
        ""
      ],
      "note": ""
    },
    {
      "tag": 0,
      "name": "MoveTo",
      "position": {
        "X": 23.26,
        "Y": 28,
        "Z": -209.54
      },
      "arguments": [
        ""
      ],
      "note": ""
    },
    {
      "tag": 0,
      "name": "MoveTo",
      "position": {
        "X": 22.4,
        "Y": 28,
        "Z": -218.02
      },
      "arguments": [
        ""
      ],
      "note": ""
    },
    {
      "tag": 0,
      "name": "MoveTo",
      "position": {
        "X": 22.29,
        "Y": 28,
        "Z": -221.15
      },
      "arguments": [
        ""
      ],
      "note": ""
    },
    {
      "tag": 0,
      "name": "MoveTo",
      "position": {
        "X": 22.16,
        "Y": 28,
        "Z": -286.85
      },
      "arguments": [
        ""
      ],
      "note": ""
    },
    {
      "tag": 0,
      "name": "MoveTo",
      "position": {
        "X": -25.6,
        "Y": 32,
        "Z": -285.88
      },
      "arguments": [
        ""
      ],
      "note": ""
    },
    {
      "tag": 0,
      "name": "MoveTo",
      "position": {
        "X": -35.43,
        "Y": 32,
        "Z": -286.09
      },
      "arguments": [
        ""
      ],
      "note": ""
    },
    {
      "tag": 0,
      "name": "MoveTo",
      "position": {
        "X": -39.27,
        "Y": 32,
        "Z": -286.02
      },
      "arguments": [
        ""
      ],
      "note": ""
    },
    {
      "tag": 0,
      "name": "MoveTo",
      "position": {
        "X": -43.82,
        "Y": 32.65,
        "Z": -280.45
      },
      "arguments": [
        ""
      ],
      "note": ""
    },
    {
      "tag": 0,
      "name": "MoveTo",
      "position": {
        "X": -69.07,
        "Y": 32,
        "Z": -291.78
      },
      "arguments": [
        ""
      ],
      "note": ""
    },
    {
      "tag": 0,
      "name": "Interactable",
      "position": {
        "X": 0,
        "Y": 0,
        "Z": 0
      },
      "arguments": [
        "2005357"
      ],
      "note": "Chapel Door"
    },
    {
      "tag": 0,
      "name": "SelectYesno",
      "position": {
        "X": -69.07,
        "Y": 32,
        "Z": -291.78
      },
      "arguments": [
        "Yes"
      ],
      "note": ""
    },
    {
      "tag": 0,
      "name": "Boss",
      "position": {
        "X": -69.7,
        "Y": 32.06,
        "Z": -389.3
      },
      "arguments": [
        ""
      ],
      "note": ""
    }
  ],
  "interactables": [],
  "meta": {
    "createdAt": 106,
    "changelog": [
      {
        "version": 161,
        "change": "Converted to new JSON Structure"
      },
      {
        "version": 163,
        "change": "Converted to newer JSON Structure"
      },
      {
        "version": 164,
        "change": "Converted to JSON Structure with Tags"
      }
    ],
    "notes": []
  }
}