{
  "actions": [
    "Boss|-2.96, 3.00, -80.96|",
    "MoveTo|-12.15, 3.00, -82.30|",
    "MoveTo|-149.87, -12.35, -50.72|",
    "ForceAttack|-125.85, -13.36, -188.61|",
    "MoveTo|-205.71, -28.37, -199.89|",
    "Wait|0, 0, 0|3000",
    "ForceAttack|-233.00, -30.68, -184.03|",
    "MoveTo|-240.58, -33.84, -171.38|",
    "AutoMoveFor|-244.17, -36.51, -165.69|5000",
    "Boss|-269.84, -46.00, -131.11|",
    "MoveTo|-264.36, -46.00, -116.35|",
    "MoveTo|-254.07, -43.37, -95.40|",
    "AutoMoveFor|-245.11, -44.71, -84.64|10000",
    "MoveTo|-132.08, -342.25, 1.98|",
    "MoveTo|-98.76, -349.07, 57.51|",
    "MoveTo|-75.07, -356.57, 33.29|",
    "MoveTo|-69.68, -356.79, 3.89|",
    "MoveTo|-96.47, -356.36, 7.74|",
    "MoveTo|-74.85, -359.79, -44.84|",
    "MoveTo|-60.85, -360.14, -68.34|",
    "MoveTo|-45.72, -359.65, -33.30|",
    "Boss|0.97, -349.94, 0.72|",
    "MoveTo|8.14, -349.97, 5.69|"
  ],
  "meta": {
    "createdAt": 106,
    "changelog": [],
    "notes": []
  }
}