{
  "actions": [
    "Wait|-46.57, 58.06, -312.58|3000",
    "ForceAttack|-46.57, 58.06, -312.58|",
    "MoveTo|-144.47, 35.49, -330.17|",
    "MoveTo|-142.14, 24.97, -304.90|",
    "MoveTo|-173.92, 5.03, -339.37|",
    "Wait|-174.49, 6.07, -303.28|3000",
    "ForceAttack|-174.49, 6.07, -303.28|",
    "Wait|-174.24, 6.56, -301.67|3000",
    "ForceAttack|-174.24, 6.56, -301.67|",
    "Boss|-220.94, 11.93, -280.28|",
    "AutoMoveFor|-268.99, 9.77, -280.11|3000",
    "Wait|-183.86, -252.50, -412.03|5000",
    "Wait|-216.49, -280.90, -288.60|5000",
    "Boss|-269.13, -278.67, -229.48|",
    "MoveTo|-294.85, -273.40, -185.39|",
    "Interactable|0, 0, 0|Stone of Transference",
    "Wait|0, 0, 0|6000",
    "Wait|155.31, -844.91, 269.02|5000",
    "Wait|216.86, -856.44, 252.45|5000",
    "Wait|261.75, -867.96, 297.96|5000",
    "Boss|230.71, -854.50, 413.33|",
    "Wait|0, 0, 0|5000",
    "Boss|230.71, -854.50, 414.33|",
    "Wait|0, 0, 0|4000"
  ],
  "meta": {
    "createdAt": 106,
    "changelog": [],
    "notes": []
  }
}