{
  "actions": [
    "Boss|-2.68, 0.00, -0.11|",
    "MoveTo|100.89, -8.00, 34.85|",
    "MoveTo|77.13, -8.00, 72.25|",
    "MoveTo|126.71, -8.00, 72.15|",
    "Wait|153.13, -20.00, 2.32|5000",
    "Wait|159.18, -20.00, 3.19|8000",
    "Wait|161.32, -20.00, -1.59|2000",
	"AutoMoveFor|0, 0, 0|300",
    "Wait|0, 0, 0|3000",
    "Boss|178.25, -7.90, 18.45|",
    "MoveTo|181.16, -8.00, 96.21|",
    "AutoMoveFor|210.98, -4.09, 95.99|5000",
    "MoveTo|78.99, -11.95, -151.03|",
    "Wait|139.02, -7.95, -154.04|2000",
    "Wait|164.24, -7.95, -154.28|10000",
    "Wait|164.24, -7.95, -154.28|5000",
    "MoveTo|254.30, -3.42, -154.27|",
    "Boss|358.12, 0.03, -153.83|"
  ],
  "meta": {
    "createdAt": 106,
    "changelog": [],
    "notes": []
  }
}