{
  "actions": [
    {
      "tag": 0,
      "name": "MoveTo",
      "position": {
        "X": -123.69,
        "Y": -28.86,
        "Z": -60.44
      },
      "arguments": [
        ""
      ],
      "note": ""
    },
    {
      "tag": 0,
      "name": "WaitFor",
      "position": {
        "X": 0,
        "Y": 0,
        "Z": 0
      },
      "arguments": [
        "Combat"
      ],
      "note": ""
    },
    {
      "tag": 0,
      "name": "WaitFor",
      "position": {
        "X": 0,
        "Y": 0,
        "Z": 0
      },
      "arguments": [
        "OOC"
      ],
      "note": ""
    },
    {
      "tag": 0,
      "name": "WaitFor",
      "position": {
        "X": 0,
        "Y": 0,
        "Z": 0
      },
      "arguments": [
        "ConditionFlag;Jumping61;false"
      ],
      "note": ""
    },
    {
      "tag": 0,
      "name": "Boss",
      "position": {
        "X": -38.54,
        "Y": 114.71,
        "Z": -10.52
      },
      "arguments": [
        ""
      ],
      "note": ""
    },
    {
      "tag": 0,
      "name": "Interactable",
      "position": {
        "X": -40.22,
        "Y": 114.71,
        "Z": 1.89
      },
      "arguments": [
        "2007455"
      ],
      "note": "Cranial Hatch"
    },
    {
      "tag": 0,
      "name": "WaitFor",
      "position": {
        "X": -40.22,
        "Y": 114.71,
        "Z": 1.89
      },
      "arguments": [
        "IsReady"
      ],
      "note": ""
    },
    {
      "tag": 0,
      "name": "Interactable",
      "position": {
        "X": -40.22,
        "Y": 114.71,
        "Z": 1.89
      },
      "arguments": [
        "2007456"
      ],
      "note": "Ingress"
    },
    {
      "tag": 0,
      "name": "WaitFor",
      "position": {
        "X": 0,
        "Y": 0,
        "Z": 0
      },
      "arguments": [
        "ConditionFlag;Jumping61;false"
      ],
      "note": ""
    },
    {
      "tag": 0,
      "name": "ForceAttack",
      "position": {
        "X": 1.32,
        "Y": -250.29,
        "Z": -236.48
      },
      "arguments": [
        ""
      ],
      "note": ""
    },
    {
      "tag": 0,
      "name": "Boss",
      "position": {
        "X": 1.32,
        "Y": -250.29,
        "Z": -236.48
      },
      "arguments": [
        ""
      ],
      "note": ""
    }
  ],
  "interactables": [],
  "meta": {
    "createdAt": 156,
    "changelog": [
      {
        "version": 161,
        "change": "Converted to new JSON Structure"
      },
      {
        "version": 163,
        "change": "Converted to newer JSON Structure"
      },
      {
        "version": 164,
        "change": "Converted to JSON Structure with Tags"
      }
    ],
    "notes": []
  }
}