{
  "actions": [
    "MoveTo|-199.14, 329.15, 49.87|",
    "Wait|-99.18, 317.70, 122.02|3000",
    "AutoMoveFor|-91.39, 317.03, 142.24|5000",
    "Boss|160.16, 137.75, 253.03|",
    "MoveTo|266.48, 126.56, 316.11|",
    "MoveTo|278.88, 118.00, 202.62|",
    "Boss|292.34, 112.00, 126.52|",
    "MoveTo|284.57, 112.00, 91.44|",
    "AutoMoveFor|281.19, 111.98, 83.02|5000",
    "Boss|127.32, 107.33, -305.86|"
  ],
  "meta": {
    "createdAt": 106,
    "changelog": [],
    "notes": []
  }
}