{
  "actions": [
    "MoveTo|-55.97, 8.13, 133.73|",
    "MoveTo|-27.94, 8.10, 176.66|",
    "MoveTo|54.17, 8.36, 134.92|",
    "MoveTo|28.02, 8.28, 85.26|",
    "Boss|-0.59, 6.85, 25.03|",
    "MoveTo|-0.02, 6.86, 16.19|",
    "MoveTo|-3.28, 0.62, -54.08|",
    "MoveTo|-42.89, 1.87, -94.30|",
    "MoveTo|-54.00, 1.77, -104.84|",
    "MoveTo|-71.71, 16.37, -185.48|",
    "MoveTo|-14.25, 12.40, -229.13|",
    "MoveTo|5.48, 12.34, -233.65|",
    "Boss|6.93, 23.10, -346.52|",
    "MoveTo|7.00, 23.04, -358.29|",
    "MoveTo|7.92, 19.30, -452.47|",
    "MoveTo|-176.77, -182.75, 32.24|",
	"MoveTo|-169.76, -178.75, -5.61|",
    "Interactable|0, 0, 0|2009760 (Shell Crown)",
    "MoveTo|-170.02, -167.49, -66.32|",
    "MoveTo|-129.05, -167.75, -70.82|",
    "MoveTo|-128.54, -167.49, -102.81|",
    "MoveTo|-120.14, -156.01, -169.03|",
    "Boss|-128.44, -144.54, -250.21|",
    "MoveTo|-128.43, -144.53, -255.94|"
  ],
  "meta": {
    "createdAt": 106,
    "changelog": [],
    "notes": []
  }
}