{
  "actions": [
    "Boss|178.84, -48.00, -170.04|",
    "MoveTo|169.88, -48.00, -169.95|",
    "MoveTo|-29.36, -26.82, -194.44|",
    "AutoMoveFor|-35.45, -24.46, -197.53|3000",
    "MoveTo|-83.05, 172.60, -251.43|",
    "MoveTo|-239.83, 202.00, -99.12|",
    "Boss|-239.96, 210.00, -44.36|",
    "MoveTo|-240.02, 210.00, -39.71|",
    "MoveTo|-288.12, 194.00, 87.71|",
    "MoveTo|-254.90, 202.00, 140.15|",
    "MoveTo|-239.89, 204.37, 188.91|",
    "Boss|-239.76, 210, 242.16|",
    "MoveTo|-239.63, 210.00, 246.75|"
  ],
  "meta": {
    "createdAt": 106,
    "changelog": [],
    "notes": []
  }
}