{
  "actions": [
    "ChatCommand|0.00, 8.10, 719.72|/vbmai followtarget on",
    "Boss|0.17, 5.35, 314.78|",
    "MoveTo|132.96, -8.70, 187.63|",
    "MoveTo|46.85, -11.00, 78.80|",
    "Boss|62.64, -21.00, -34.68|",
    "MoveTo|61.68, -21.00, -45.02|",
    "MoveTo|35.62, -70.15, -223.83|",
    "MoveTo|41.42, -60.00, -302.41|",
    "MoveTo|14.75, -60.00, -337.56|",
    "MoveTo|-6.87, -57.00, -424.79|",
    "MoveTo|-6.51, -57.00, -417.07|",
    "MoveTo|17.22, -56.39, -420.77|",
    "AutoMoveFor|16.81, -57.12, -431.42|10000",
    "Boss|17.05, -77.00, -537.73|",
    "MoveTo|17.16, -77.00, -551.93|"
  ],
  "meta": {
    "createdAt": 106,
    "changelog": [],
    "notes": []
  }
}