{
  "actions": [
    {
      "tag": 0,
      "name": "MoveTo",
      "position": {
        "X": -20.17,
        "Y": 119.88,
        "Z": 49.67
      },
      "arguments": [
        ""
      ],
      "note": ""
    },
    {
      "tag": 0,
      "name": "MoveTo",
      "position": {
        "X": 67.19,
        "Y": 119.99,
        "Z": -39.15
      },
      "arguments": [
        ""
      ],
      "note": ""
    },
    {
      "tag": 0,
      "name": "MoveTo",
      "position": {
        "X": 76.16,
        "Y": 119.76,
        "Z": -69.51
      },
      "arguments": [
        ""
      ],
      "note": ""
    },
    {
      "tag": 0,
      "name": "MoveTo",
      "position": {
        "X": 105.98,
        "Y": 120.06,
        "Z": -85.92
      },
      "arguments": [
        ""
      ],
      "note": ""
    },
    {
      "tag": 0,
      "name": "AutoMoveFor",
      "position": {
        "X": 116.58,
        "Y": 119.89,
        "Z": -91.44
      },
      "arguments": [
        "2000"
      ],
      "note": ""
    },
    {
      "tag": 0,
      "name": "MoveTo",
      "position": {
        "X": 290.24,
        "Y": 18.76,
        "Z": 262.77
      },
      "arguments": [
        ""
      ],
      "note": ""
    },
    {
      "tag": 0,
      "name": "Boss",
      "position": {
        "X": 278.14,
        "Y": 17,
        "Z": 197.92
      },
      "arguments": [
        ""
      ],
      "note": ""
    },
    {
      "tag": 0,
      "name": "MoveTo",
      "position": {
        "X": 278.23,
        "Y": 17,
        "Z": 192.07
      },
      "arguments": [
        ""
      ],
      "note": ""
    },
    {
      "tag": 0,
      "name": "MoveTo",
      "position": {
        "X": 209.1,
        "Y": 12.52,
        "Z": 98.9
      },
      "arguments": [
        ""
      ],
      "note": ""
    },
    {
      "tag": 0,
      "name": "MoveTo",
      "position": {
        "X": 191.92,
        "Y": 11.98,
        "Z": 165.95
      },
      "arguments": [
        ""
      ],
      "note": ""
    },
    {
      "tag": 0,
      "name": "AutoMoveFor",
      "position": {
        "X": 171.63,
        "Y": 11.99,
        "Z": 170.76
      },
      "arguments": [
        "2000"
      ],
      "note": ""
    },
    {
      "tag": 0,
      "name": "MoveTo",
      "position": {
        "X": 161.83,
        "Y": -9.93,
        "Z": 223.56
      },
      "arguments": [
        ""
      ],
      "note": ""
    },
    {
      "tag": 0,
      "name": "MoveTo",
      "position": {
        "X": 149.51,
        "Y": -9.77,
        "Z": 230.43
      },
      "arguments": [
        ""
      ],
      "note": ""
    },
    {
      "tag": 0,
      "name": "MoveTo",
      "position": {
        "X": 157.46,
        "Y": -10,
        "Z": 226.4
      },
      "arguments": [
        ""
      ],
      "note": ""
    },
    {
      "tag": 0,
      "name": "MoveTo",
      "position": {
        "X": 111.32,
        "Y": -15.62,
        "Z": 237.38
      },
      "arguments": [
        ""
      ],
      "note": ""
    },
    {
      "tag": 0,
      "name": "MoveTo",
      "position": {
        "X": 134.32,
        "Y": -20.01,
        "Z": 295.43
      },
      "arguments": [
        ""
      ],
      "note": ""
    },
    {
      "tag": 0,
      "name": "MoveTo",
      "position": {
        "X": 145.72,
        "Y": -19.94,
        "Z": 290.3
      },
      "arguments": [
        ""
      ],
      "note": ""
    },
    {
      "tag": 0,
      "name": "AutoMoveFor",
      "position": {
        "X": 148.19,
        "Y": -19.94,
        "Z": 292.39
      },
      "arguments": [
        "4000"
      ],
      "note": ""
    },
    {
      "tag": 0,
      "name": "MoveTo",
      "position": {
        "X": 183.54,
        "Y": -80.7,
        "Z": 326.87
      },
      "arguments": [
        ""
      ],
      "note": ""
    },
    {
      "tag": 0,
      "name": "Boss",
      "position": {
        "X": 207.84,
        "Y": -86,
        "Z": 268.66
      },
      "arguments": [
        ""
      ],
      "note": ""
    },
    {
      "tag": 0,
      "name": "MoveTo",
      "position": {
        "X": 206.71,
        "Y": -86,
        "Z": 260.47
      },
      "arguments": [
        ""
      ],
      "note": ""
    },
    {
      "tag": 0,
      "name": "MoveTo",
      "position": {
        "X": 220.6,
        "Y": -84,
        "Z": 207.69
      },
      "arguments": [
        ""
      ],
      "note": ""
    },
    {
      "tag": 0,
      "name": "MoveTo",
      "position": {
        "X": 197.72,
        "Y": -84,
        "Z": 166.35
      },
      "arguments": [
        ""
      ],
      "note": ""
    },
    {
      "tag": 0,
      "name": "MoveTo",
      "position": {
        "X": 205.49,
        "Y": -84,
        "Z": 124.02
      },
      "arguments": [
        ""
      ],
      "note": ""
    },
    {
      "tag": 0,
      "name": "MoveTo",
      "position": {
        "X": 202.22,
        "Y": -83.8,
        "Z": 130.24
      },
      "arguments": [
        ""
      ],
      "note": ""
    },
    {
      "tag": 0,
      "name": "MoveTo",
      "position": {
        "X": 206.57,
        "Y": -80,
        "Z": 35.14
      },
      "arguments": [
        ""
      ],
      "note": ""
    },
    {
      "tag": 0,
      "name": "MoveTo",
      "position": {
        "X": 184.89,
        "Y": -80,
        "Z": 26.71
      },
      "arguments": [
        ""
      ],
      "note": ""
    },
    {
      "tag": 0,
      "name": "MoveTo",
      "position": {
        "X": 184.97,
        "Y": -77.31,
        "Z": 6.92
      },
      "arguments": [
        ""
      ],
      "note": ""
    },
    {
      "tag": 0,
      "name": "MoveTo",
      "position": {
        "X": 202.59,
        "Y": -67.18,
        "Z": -15.35
      },
      "arguments": [
        ""
      ],
      "note": ""
    },
    {
      "tag": 0,
      "name": "AutoMoveFor",
      "position": {
        "X": 197.81,
        "Y": -71.21,
        "Z": -42.57
      },
      "arguments": [
        "3000"
      ],
      "note": ""
    },
    {
      "tag": 0,
      "name": "Boss",
      "position": {
        "X": 195.28,
        "Y": -93.4,
        "Z": -92.99
      },
      "arguments": [
        ""
      ],
      "note": ""
    },
    {
      "tag": 0,
      "name": "MoveTo",
      "position": {
        "X": 196.11,
        "Y": -93.4,
        "Z": -105.71
      },
      "arguments": [
        ""
      ],
      "note": ""
    }
  ],
  "interactables": [],
  "meta": {
    "createdAt": 106,
    "changelog": [
      {
        "version": 161,
        "change": "Converted to new JSON Structure"
      },
      {
        "version": 163,
        "change": "Converted to newer JSON Structure"
      },
      {
        "version": 164,
        "change": "Converted to JSON Structure with Tags"
      }
    ],
    "notes": []
  }
}