{
  "actions": [
    "MoveTo|-20.17, 119.88, 49.67|",
    "MoveTo|67.19, 119.99, -39.15|",
    "MoveTo|76.16, 119.76, -69.51|",
    "MoveTo|105.98, 120.06, -85.92|",
    "AutoMoveFor|116.58, 119.89, -91.44|2000",
    "MoveTo|290.24, 18.76, 262.77|",
    "Boss|278.14, 17.00, 197.92|",
    "MoveTo|278.23, 17.00, 192.07|",
    "MoveTo|209.10, 12.52, 98.90|",
    "MoveTo|191.92, 11.98, 165.95|",
    "AutoMoveFor|171.63, 11.99, 170.76|2000",
    "MoveTo|161.83, -9.93, 223.56|",
    "MoveTo|149.51, -9.77, 230.43|",
    "MoveTo|157.46, -10.00, 226.40|",
    "MoveTo|111.32, -15.62, 237.38|",
    "MoveTo|134.32, -20.01, 295.43|",
    "MoveTo|145.72, -19.94, 290.30|",
    "AutoMoveFor|148.19, -19.94, 292.39|4000",
    "MoveTo|183.54, -80.70, 326.87|",
    "Boss|207.84, -86.00, 268.66|",
    "MoveTo|206.71, -86.00, 260.47|",
    "MoveTo|220.60, -84.00, 207.69|",
    "MoveTo|197.72, -84.00, 166.35|",
    "MoveTo|205.49, -84.00, 124.02|",
    "MoveTo|202.22, -83.80, 130.24|",
    "MoveTo|206.57, -80.00, 35.14|",
    "MoveTo|184.89, -80.00, 26.71|",
    "MoveTo|184.97, -77.31, 6.92|",
    "MoveTo|202.59, -67.18, -15.35|",
    "AutoMoveFor|197.81, -71.21, -42.57|3000",
    "Boss|195.28, -93.40, -92.99|",
    "MoveTo|196.11, -93.40, -105.71|"
  ],
  "meta": {
    "createdAt": 106,
    "changelog": [],
    "notes": []
  }
}