{
  "actions": [
    "MoveTo|-0.11, 750.00, 342.57|",
    "MoveTo|-60.32, 744.96, 151.43|",
    "Boss|-80.35, 748.23, 81.87|",
    "MoveTo|-79.62, 748.23, 67.50|",
    "MoveTo|-76.50, 729.00, -98.63|",
    "MoveTo|27.76, 728.47, -122.06|",
    "MoveTo|72.40, 729.66, -156.97|",
    "MoveTo|58.35, 729.27, -205.24|",
    "Boss|60.01, 728.00, -360.71|",
    "MoveTo|60.03, 728.00, -366.85|",
	"MoveTo|59.98, 728.00, -367.82|",
    "Interactable|0, 0, 0|2009984 (Aetherial Flow)",
    "Wait|0, 0, 0|2000",
    "AutoMoveFor|0.16, -740.00, 330.98|4000",
    "MoveTo|5.88, -730.00, 182.32|",
    "MoveTo|0.50, -730.00, 186.45|",
    "AutoMoveFor|0.14, -730.00, 181.03|4000",
    "MoveTo|5.62, -732.00, 48.54|",
    "MoveTo|-0.14, -732.00, 51.35|",
    "AutoMoveFor|-0.12, -732.00, 46.38|4000",
    "Boss|0.09, -720.00, -64.39|",
    "MoveTo|-0.09, -720.00, -56.01|"
  ],
  "meta": {
    "createdAt": 106,
    "changelog": [],
    "notes": []
  }
}