{
  "actions": [
    "Boss|-0.11, 0.00, 186.82|",
    "MoveTo|0.01, 0.00, 176.86|",
    "MoveTo|70.40, -7.00, 115.73|",
    "MoveTo|57.71, -14.00, -23.32|",
    "Boss|-0.24, -12.50, -69.54|",
    "MoveTo|-0.17, -12.50, -75.68|",
    "MoveTo|51.07, 8.00, -197.51|",
    "MoveTo|77.57, 8.00, -225.89|",
    "MoveTo|52.39, 8.00, -225.87|",
    "MoveTo|35.53, 8.00, -219.75|",
    "MoveTo|35.06, 8.00, -239.28|",
    "Boss|0.10, 8.00, -340.17|",
    "MoveTo|-0.11, 8.00, -355.30|"
  ],
  "meta": {
    "createdAt": 106,
    "changelog": [],
    "notes": []
  }
}