{
  "actions": [
    "MoveTo|-97.24, 103.60, 373.24|",
    "Wait|0, 0, 0|5000",
    "MoveTo|-89.59, 103.59, 370.73|",
    "MoveTo|-86.42, 103.42, 369.15|",
    "Boss|-41.20, 95.00, 289.25|",
    "MoveTo|37.44, 100.00, 140.29|",
    "MoveTo|53.86, 105.00, 16.27|",
    "Boss|19.82, 110.00, -81.68|",
    "MoveTo|20.05, 110.00, -89.95|",
    "MoveTo|70.23, 92.00, -245.26|",
    "MoveTo|-22.31, 92.00, -216.71|",
    "MoveTo|19.97, 92.00, -299.34|",
    "AutoMoveFor|19.84, 92.50, -320.36|6000",
    "Boss|0.30, -200.00, -449.94|",
    "MoveTo|-0.09, -200.00, -458.31|"
  ],
  "meta": {
    "createdAt": 106,
    "changelog": [],
    "notes": []
  }
}