{
  "actions": [
    "Boss|-679.60, -24.00, 443.89|",
    "Wait|-679.83, -24.00, 443.25|5000",
    "Interactable|0, 0, 0|2011119 (Fae Portal)",
    "MoveTo|-690.37, 8.72, -703.10|",
    "MoveTo|-529.98, 2.06, -527.70|",
    "Boss|-442.71, 0.00, -531.56|",
    "MoveTo|-432.90, 0.00, -528.70|",
    "MoveTo|-396.31, 0.89, -523.88|",
    "MoveTo|524.47, 6.40, 498.98|",
    "MoveTo|551.04, 5.72, 505.85|",
    "MoveTo|672.60, 6.59, 532.05|",
    "Boss|749.86, 8.00, 477.91|",
    "MoveTo|750.02, 8.00, 470.35|"
  ],
  "meta": {
    "createdAt": 106,
    "changelog": [],
    "notes": []
  }
}