{
  "actions": [
    "MoveTo|3.68, 8.50, 67.68|",
    "Wait|0, 0, 0|1000",
    "Interactable|0, 0, 0|2011290 (Earthy Portal)",
    "Wait|0, 0, 0|2500",
    "Wait|-211.94, -212.04, 37.45|1500",
    "AutoMoveFor|-212.04, -211.99, 33.81|3000",
    "Wait|-179.95, -219.97, -71.07|1500",
    "AutoMoveFor|-180.02, -220.04, -74.94|3000",
    "Boss|-179.55, -220.00, -150.35|",
    "Wait|-179.55, -220.00, -150.17|2000",
    "Interactable|0, 0, 0|2011293 (Interstice Portal)",
    "Wait|0, 0, 0|3003",
    "Revival|0, 0, 0|",
    "MoveTo|6.68, 8.50, 67.84|",
    "Wait|0, 0, 0|2000",
    "Interactable|0, 0, 0|2011291 (Watery Portal)",
    "Wait|0, 0, 0|3004",
    "MoveTo|58.45, 233.80, -181.20|",
    "MoveTo|51.05, 220.00, -147.67|",
    "MoveTo|33.27, 202.00, -104.66|",
    "MoveTo|-2.19, 198.00, -153.72|",
    "MoveTo|-14.68, 198.00, -175.36|",
    "AutoMoveFor|-17.48, 198.00, -180.21|3000",
    "MoveTo|-33.08, 202.00, -199.49|",
    "MoveTo|-53.81, 202.00, -149.06|",
    "MoveTo|-43.14, 188.00, -122.22|",
    "MoveTo|-11.13, 169.90, -100.91|",
    "AutoMoveFor|-4.06, 169.90, -105.75|4000",
    "Boss|0.03, 150.00, -158.73|",
    "MoveTo|0.17, 150.00, -155.67|",
    "Wait|0, 0, 0|2001",
    "Interactable|0, 0, 0|2011354 (Interstice Portal)",
    "Wait|0, 0, 0|3006",
    "Revival|0, 0, 0|",
    "MoveTo|10.30, 8.50, 69.25|",
    "Wait|0, 0, 0|2002",
    "Interactable|0, 0, 0|Fiery Portal",
    "Wait|0, 0, 0|3007",
    "MoveTo|179.21, -598.94, 107.31|",
    "MoveTo|196.00, -598.34, 74.26|",
    "MoveTo|173.73, -597.64, -8.57|",
    "Wait|161.50, -592.55, -149.47|10000",
    "Interactable|0, 0, 0|2011355 (Interstice Portal)",
    "Wait|0, 0, 0|3008",
    "Revival|0, 0, 0|",
    "MoveTo|11.41, 8.50, 57.13|",
    "Boss|0.16, 0.00, -10.22|",
    "MoveTo|0.53, 0.00, -6.88|"
  ],
  "meta": {
    "createdAt": 106,
    "changelog": [],
    "notes": []
  }
}