{
  "actions": [
    "Boss|-515.19, -0.03, 145.02|",
    "MoveTo|-506.21, -0.03, 144.89|",
    "MoveTo|-334.44, -10.00, 166.33|",
    "Boss|-174.80, -25.00, 40.30|",
    "MoveTo|-175.05, -25.00, 30.39|",
    "Wait|-73.01, -25.17, -23.04|5000",
    "Interactable|0, 0, 0|2011493 (Dragon)",
    "Wait|0, 0, 0|10000",
    "MoveTo|721.99, -55.00, -121.89|",
    "Boss|798.45, -57.00, -97.25|",
    "MoveTo|807.26, -57.00, -97.10|"
  ],
  "meta": {
    "createdAt": 106,
    "changelog": [],
    "notes": []
  }
}