{
  "actions": [
    "Boss|68.40, -442.97, -124.13|",
    "MoveTo|68.10, -442.97, -136.80|",
    "MoveTo|66.77, -443.47, -170.92|",
    "AutoMoveFor|64.31, -443.36, -175.86|3000",
    "MoveTo|-299.43, -184.96, 178.24|",
    "MoveTo|-339.02, -180.98, 95.37|",
    "MoveTo|-342.80, -180.83, 77.40|",
    "MoveTo|-332.30, -181.01, 83.84|",
    "MoveTo|-237.93, -171.85, 78.03|",
    "MoveTo|-225.84, -171.83, 65.63|",
    "MoveTo|-236.98, -172.05, 63.94|",
    "Boss|-257.53, -169.00, -27.28|",
    "MoveTo|-257.58, -169.00, -40.07|",
    "MoveTo|-258.19, -167.92, -82.90|",
    "AutoMoveFor|-262.20, -167.75, -88.32|4000",
    "Wait|0, 0, 0|5000",
    "MoveTo|0.08, 539.88, 47.14|",
    "MoveTo|0.86, 534.74, 3.09|",
    "MoveTo|29.56, 534.82, -29.66|",
    "MoveTo|22.90, 535.60, -38.08|",
    "MoveTo|39.99, 539.11, -100.02|",
    "MoveTo|22.01, 538.33, -101.87|",
    "Boss|-28.70, 546.10, -48.30|",
    "MoveTo|-23.98, 546.10, -52.85|"
  ],
  "meta": {
    "createdAt": 106,
    "changelog": [],
    "notes": []
  }
}