{
  "actions": [
    "MoveTo|-268.08, -180.36, 322.30|",
    "Wait|0, 0, 0|8000",
    "MoveTo|-266.94, -180.50, 277.99|",
    "MoveTo|-258.99, -200.00, 238.95|",
    "Boss|-300.52, -175.00, 76.47|",
    "MoveTo|-300.20, -175.00, 35.33|",
    "AutoMoveFor|-300.19, -175.00, 31.14|9000",
	"MoveTo|400.17, 0.00, -174.92|",
    "Interactable|0, 0, 0|2011745 (Control Terminal)",
    "Wait|0, 0, 0|9000",
    "Wait|0, 0, 0|10000",
    "Wait|0, 0, 0|13000",
    "Wait|0, 0, 0|8500",
    "MoveTo|400.06, -0.00, -152.91|",
    "Wait|0, 0, 0|5000",
    "MoveTo|342.44, 0.00, 378.18|",
    "MoveTo|210.60, -0.00, 372.85|",
    "MoveTo|224.93, 1.00, 324.83|",
    "MoveTo|240.33, 1.00, 325.36|",
    "Boss|222.48, 1.00, 296.62|",
    "MoveTo|221.14, 1.00, 292.53|",
    "MoveTo|156.45, 0.01, 214.53|",
    "AutoMoveFor|152.73, 0.00, 201.84|5500",
	"MoveTo|0.44, 500.00, 1.13|",
    "Interactable|0, 0, 0|2011746 (Control Terminal)",
    "Wait|0, 0, 0|14000",
    "MoveTo|0.04, 493.00, -53.90|",
    "MoveTo|0.02, 493.00, -62.07|",
    "MoveTo|21.70, 490.20, -54.08|",
    "MoveTo|30.77, 487.51, -74.29|",
    "MoveTo|-19.83, 487.00, -85.83|",
    "MoveTo|-32.12, 484.51, -106.29|",
    "MoveTo|-43.07, 484.00, -118.23|",
    "Boss|0.00, 480.00, -180.31|",
    "MoveTo|0.11, 480.00, -188.10|"
  ],
  "meta": {
    "createdAt": 106,
    "changelog": [],
    "notes": []
  }
}