{
  "actions": [
    {
      "tag": 0,
      "name": "MoveTo",
      "position": {
        "X": -205.43,
        "Y": 15.48,
        "Z": 271.22
      },
      "arguments": [
        ""
      ],
      "note": ""
    },
    {
      "tag": 0,
      "name": "Wait",
      "position": {
        "X": 0,
        "Y": 0,
        "Z": 0
      },
      "arguments": [
        "5000"
      ],
      "note": ""
    },
    {
      "tag": 0,
      "name": "Boss",
      "position": {
        "X": -375.01,
        "Y": 14.5,
        "Z": 81.24
      },
      "arguments": [
        ""
      ],
      "note": ""
    },
    {
      "tag": 0,
      "name": "MoveTo",
      "position": {
        "X": -378.94,
        "Y": 14.5,
        "Z": 70.62
      },
      "arguments": [
        ""
      ],
      "note": ""
    },
    {
      "tag": 0,
      "name": "MoveTo",
      "position": {
        "X": -330.68,
        "Y": 41,
        "Z": -146.37
      },
      "arguments": [
        ""
      ],
      "note": ""
    },
    {
      "tag": 0,
      "name": "MoveTo",
      "position": {
        "X": -341.15,
        "Y": 41.72,
        "Z": -197
      },
      "arguments": [
        ""
      ],
      "note": ""
    },
    {
      "tag": 0,
      "name": "MoveTo",
      "position": {
        "X": -310.17,
        "Y": 41.29,
        "Z": -265.39
      },
      "arguments": [
        ""
      ],
      "note": ""
    },
    {
      "tag": 0,
      "name": "Boss",
      "position": {
        "X": -295.17,
        "Y": 41.5,
        "Z": -347.53
      },
      "arguments": [
        ""
      ],
      "note": ""
    },
    {
      "tag": 0,
      "name": "MoveTo",
      "position": {
        "X": -295.13,
        "Y": 41.5,
        "Z": -370.92
      },
      "arguments": [
        ""
      ],
      "note": ""
    },
    {
      "tag": 0,
      "name": "AutoMoveFor",
      "position": {
        "X": -295.57,
        "Y": 43.56,
        "Z": -406.51
      },
      "arguments": [
        "5000"
      ],
      "note": ""
    },
    {
      "tag": 0,
      "name": "MoveTo",
      "position": {
        "X": 307.24,
        "Y": 53.89,
        "Z": -6.24
      },
      "arguments": [
        ""
      ],
      "note": ""
    },
    {
      "tag": 0,
      "name": "MoveTo",
      "position": {
        "X": 290.05,
        "Y": 56.79,
        "Z": -9.06
      },
      "arguments": [
        ""
      ],
      "note": ""
    },
    {
      "tag": 0,
      "name": "MoveTo",
      "position": {
        "X": 309.66,
        "Y": 57.8,
        "Z": -66.89
      },
      "arguments": [
        ""
      ],
      "note": ""
    },
    {
      "tag": 0,
      "name": "MoveTo",
      "position": {
        "X": 291.28,
        "Y": 54.5,
        "Z": -110.69
      },
      "arguments": [
        ""
      ],
      "note": ""
    },
    {
      "tag": 0,
      "name": "Boss",
      "position": {
        "X": 300.11,
        "Y": 55.01,
        "Z": -157.43
      },
      "arguments": [
        ""
      ],
      "note": ""
    },
    {
      "tag": 0,
      "name": "MoveTo",
      "position": {
        "X": 300.11,
        "Y": 55.01,
        "Z": -171.31
      },
      "arguments": [
        ""
      ],
      "note": ""
    }
  ],
  "interactables": [],
  "meta": {
    "createdAt": 106,
    "changelog": [
      {
        "version": 161,
        "change": "Converted to new JSON Structure"
      },
      {
        "version": 163,
        "change": "Converted to newer JSON Structure"
      },
      {
        "version": 164,
        "change": "Converted to JSON Structure with Tags"
      }
    ],
    "notes": []
  }
}