{
  "actions": [
    "MoveTo|-205.43, 15.48, 271.22|",
    "Wait|0, 0, 0|5000",
    "Boss|-375.01, 14.50, 81.24|",
    "MoveTo|-378.94, 14.50, 70.62|",
    "MoveTo|-330.68, 41.00, -146.37|",
    "MoveTo|-341.15, 41.72, -197.00|",
    "MoveTo|-310.17, 41.29, -265.39|",
    "Boss|-295.17, 41.50, -347.53|",
    "MoveTo|-295.13, 41.50, -370.92|",
    "AutoMoveFor|-295.57, 43.56, -406.51|5000",
    "MoveTo|307.24, 53.89, -6.24|",
    "MoveTo|290.05, 56.79, -9.06|",
    "MoveTo|309.66, 57.80, -66.89|",
    "MoveTo|291.28, 54.50, -110.69|",
    "Boss|300.11, 55.01, -157.43|",
    "MoveTo|300.11, 55.01, -171.31|"
  ],
  "meta": {
    "createdAt": 106,
    "changelog": [],
    "notes": []
  }
}