{
  "actions": [
    "MoveTo|401.82, 500.36, 134.83|",
    "MoveTo|403.71, 500.72, 100.84|",
    "Boss|266.62, 501.01, -176.87|",
    "MoveTo|266.45, 501.01, -195.36|",
    "Wait|266.20, 500.40, -214.31|3000",
    "Interactable|0, 0, 0|2011767 (Spatial Distortion)",
    "Wait|0, 0, 0|6000",
    "MoveTo|-18.08, 0.00, 11.92|",
    "MoveTo|-83.29, 0.00, -163.32|",
    "Boss|-104.99, 0.20, -205.90|",
    "MoveTo|-104.95, 0.20, -225.21|",
    "Wait|-107.66, -8.00, -284.57|10000",
    "Interactable|0, 0, 0|2011768 (Spatial Distortion)",
    "Wait|0, 0, 0|6300",
    "Wait|-296.68, -610.15, 109.96|5000",
    "MoveTo|-301.73, -610.15, 91.89|",
    "MoveTo|-397.07, -587.49, -34.17|",
    "Boss|-380.39, -577.00, -132.68|",
    "Wait|0, 0, 0|3000",
    "MoveTo|-380.26, -577.00, -146.48|"
  ],
  "meta": {
    "createdAt": 106,
    "changelog": [],
    "notes": []
  }
}