{
  "actions": [
    "Boss|-143.51, 496.00, 47.23|",
    "MoveTo|-144.17, 496.00, 36.33|",
    "MoveTo|-144.26, 500.00, 12.56|",
    "AutoMoveFor|-136.20, 500.56, 6.08|3500",
    "MoveTo|-104.98, 624.00, 119.39|",
    "MoveTo|5.53, 624.00, 121.39|",
    "Boss|0.37, 630.00, 48.82|",
    "MoveTo|-0.03, 630.00, 32.54|",
    "AutoMoveFor|-0.09, 630.00, -6.62|3000",
    "Wait|-0.23, -700.00, 28.20|1000",
    "MoveTo|-0.04, -700.00, 11.81|",
    "AutoMoveFor|-0.02, -700.00, 5.05|6000",
    "Wait|19.98, -600.00, -45.01|1000",
    "MoveTo|38.26, -600.00, -43.73|",
    "MoveTo|25.92, -600.00, -61.04|",
    "AutoMoveFor|28.30, -600.37, -67.87|11000",
    "Wait|-29.86, -140.00, 20.40|1000",
    "MoveTo|-45.23, -140.00, 29.85|",
    "MoveTo|-33.10, -140.00, 2.12|",
    "AutoMoveFor|-34.41, -140.13, -5.38|6000",
    "Boss|0.06, 0.00, -53.24|",
    "MoveTo|0.09, 0.00, -62.27|"
  ],
  "meta": {
    "createdAt": 106,
    "changelog": [],
    "notes": []
  }
}