{
  "actions": [
    "ChatCommand|0, 0, 0|/bmrai follow Thancred",
    "ChatCommand|-5.86, 164.00, 501.72|/bmrai follow Alisaie",
    "Boss|-5.89, 164.00, 471.86|",
    "PausePandora|0, 0, 0|Auto-interact with Objects in Instance|10000",
    "MoveTo|4.53, 164.00, 479.93|",
    "MoveTo|4.41, 164.00, 465.57|",
    "MoveTo|-6.11, 164.00, 466.25|",
    "Interactable|-5.86, 164.00, 471.21|2011758 (Aether Current)",
    "Wait|0, 0, 0|10000",
    "ChatCommand|0, 0, 0|/bmrai follow Thancred",
    "MoveTo|9.19, -182.78, 441.20|",
    "MoveTo|18.15, -200.49, 353.41|",
    "Wait|-0.70, -202.18, 321.55|5000",
    "MoveTo|-5.65, -212.02, 222.98|",
    "Boss|10.36, -211.41, 143.21|",
    "MoveTo|11.00, -211.41, 128.27|",
    "MoveTo|12.82, -211.11, 106.87|",
    "AutoMoveFor|12.65, -211.24, 94.30|7000",
    "MoveTo|-15.07, -235.91, -219.22|",
    "MoveTo|-17.90, -238.44, -432.25|",
    "Boss|10.85, -236.00, -494.57|",
    "MoveTo|11.01, -236.00, -501.22|"
  ],
  "meta": {
    "createdAt": 106,
    "changelog": [],
    "notes": []
  }
}