{
  "actions": [
    {
      "tag": 0,
      "name": "ChatCommand",
      "position": {
        "X": 0,
        "Y": 0,
        "Z": 0
      },
      "arguments": [
        "/bmrai follow Thancred"
      ],
      "note": ""
    },
    {
      "tag": 0,
      "name": "ChatCommand",
      "position": {
        "X": -5.86,
        "Y": 164,
        "Z": 501.72
      },
      "arguments": [
        "/bmrai follow Alisaie"
      ],
      "note": ""
    },
    {
      "tag": 0,
      "name": "Boss",
      "position": {
        "X": -5.89,
        "Y": 164,
        "Z": 471.86
      },
      "arguments": [
        ""
      ],
      "note": ""
    },
    {
      "tag": 0,
      "name": "PausePandora",
      "position": {
        "X": 0,
        "Y": 0,
        "Z": 0
      },
      "arguments": [
        ""
      ],
      "note": ""
    },
    {
      "tag": 0,
      "name": "MoveTo",
      "position": {
        "X": 4.53,
        "Y": 164,
        "Z": 479.93
      },
      "arguments": [
        ""
      ],
      "note": ""
    },
    {
      "tag": 0,
      "name": "MoveTo",
      "position": {
        "X": 4.41,
        "Y": 164,
        "Z": 465.57
      },
      "arguments": [
        ""
      ],
      "note": ""
    },
    {
      "tag": 0,
      "name": "MoveTo",
      "position": {
        "X": -6.11,
        "Y": 164,
        "Z": 466.25
      },
      "arguments": [
        ""
      ],
      "note": ""
    },
    {
      "tag": 0,
      "name": "Interactable",
      "position": {
        "X": -5.86,
        "Y": 164,
        "Z": 471.21
      },
      "arguments": [
        "2011758"
      ],
      "note": "Aether Current"
    },
    {
      "tag": 0,
      "name": "Wait",
      "position": {
        "X": 0,
        "Y": 0,
        "Z": 0
      },
      "arguments": [
        "10000"
      ],
      "note": ""
    },
    {
      "tag": 0,
      "name": "ChatCommand",
      "position": {
        "X": 0,
        "Y": 0,
        "Z": 0
      },
      "arguments": [
        "/bmrai follow Thancred"
      ],
      "note": ""
    },
    {
      "tag": 0,
      "name": "MoveTo",
      "position": {
        "X": 9.19,
        "Y": -182.78,
        "Z": 441.2
      },
      "arguments": [
        ""
      ],
      "note": ""
    },
    {
      "tag": 0,
      "name": "MoveTo",
      "position": {
        "X": 18.15,
        "Y": -200.49,
        "Z": 353.41
      },
      "arguments": [
        ""
      ],
      "note": ""
    },
    {
      "tag": 0,
      "name": "Wait",
      "position": {
        "X": -0.7,
        "Y": -202.18,
        "Z": 321.55
      },
      "arguments": [
        "5000"
      ],
      "note": ""
    },
    {
      "tag": 0,
      "name": "MoveTo",
      "position": {
        "X": -5.65,
        "Y": -212.02,
        "Z": 222.98
      },
      "arguments": [
        ""
      ],
      "note": ""
    },
    {
      "tag": 0,
      "name": "Boss",
      "position": {
        "X": 10.36,
        "Y": -211.41,
        "Z": 143.21
      },
      "arguments": [
        ""
      ],
      "note": ""
    },
    {
      "tag": 0,
      "name": "MoveTo",
      "position": {
        "X": 11,
        "Y": -211.41,
        "Z": 128.27
      },
      "arguments": [
        ""
      ],
      "note": ""
    },
    {
      "tag": 0,
      "name": "MoveTo",
      "position": {
        "X": 12.82,
        "Y": -211.11,
        "Z": 106.87
      },
      "arguments": [
        ""
      ],
      "note": ""
    },
    {
      "tag": 0,
      "name": "AutoMoveFor",
      "position": {
        "X": 12.65,
        "Y": -211.24,
        "Z": 94.3
      },
      "arguments": [
        "7000"
      ],
      "note": ""
    },
    {
      "tag": 0,
      "name": "MoveTo",
      "position": {
        "X": -15.07,
        "Y": -235.91,
        "Z": -219.22
      },
      "arguments": [
        ""
      ],
      "note": ""
    },
    {
      "tag": 0,
      "name": "MoveTo",
      "position": {
        "X": -17.9,
        "Y": -238.44,
        "Z": -432.25
      },
      "arguments": [
        ""
      ],
      "note": ""
    },
    {
      "tag": 0,
      "name": "Boss",
      "position": {
        "X": 10.85,
        "Y": -236,
        "Z": -494.57
      },
      "arguments": [
        ""
      ],
      "note": ""
    },
    {
      "tag": 0,
      "name": "MoveTo",
      "position": {
        "X": 11.01,
        "Y": -236,
        "Z": -501.22
      },
      "arguments": [
        ""
      ],
      "note": ""
    }
  ],
  "interactables": [],
  "meta": {
    "createdAt": 106,
    "changelog": [
      {
        "version": 161,
        "change": "Converted to new JSON Structure"
      },
      {
        "version": 163,
        "change": "Converted to newer JSON Structure"
      },
      {
        "version": 164,
        "change": "Converted to JSON Structure with Tags"
      }
    ],
    "notes": []
  }
}