{
  "Author": "Herculezz",
  "Name": "AutoDuty",
  "InternalName": "AutoDuty",
  "AssemblyVersion": "0.0.0.113",
  "Description": "A plugin to run dungeons for you with Trust, Duty Support, Squadrons and Regular, Requires BossMod, vnavmesh and Rotation Solver (Recommend Reborn Fork)",
  "ApplicableVersion": "any",
  "RepoUrl": "https://github.com/ffxivcode/AutoDuty",
  "Tags": [],
  "DalamudApiLevel": 10,
  "LoadRequiredState": 0,
  "LoadSync": false,
  "CanUnloadAsync": false,
  "LoadPriority": 0,
  "ImageUrls": [
    "https://s3.puni.sh/media/plugin/54/image-hvrwdgkl8q.png",
    "https://s3.puni.sh/media/plugin/54/image-1yeu6th0q97.png",
    "https://s3.puni.sh/media/plugin/54/image-z6g4ics19sr.png",
    "https://s3.puni.sh/media/plugin/54/image-r78u17g2a2.png",
    "https://s3.puni.sh/media/plugin/54/image-ck6e8juvxq.png"
  ],
  "IconUrl": "https://s3.puni.sh/media/plugin/54/icon-5fl06291wa6.png",
  "Punchline": "AutoDuty",
  "Changelog": "",
  "AcceptsFeedback": true
}