{
  "Author": "Herculezz",
  "Name": "AutoDuty",
  "InternalName": "AutoDuty",
  "AssemblyVersion": "0.0.0.0",
  "Description": "A plugin to run dungeons for you with Trust, Duty Support, Squadrons, Variants, and Regular, Requires BossMod, vnavmesh and a Rotation Plugin (Wrath Combo, BossMod AutoRotation, or RotationSolverReborn)",
  "ApplicableVersion": "any",
  "RepoUrl": "https://github.com/ffxivcode/AutoDuty",
  "DalamudApiLevel": 11,
  "LoadRequiredState": 0,
  "LoadSync": false,
  "CanUnloadAsync": false,
  "LoadPriority": 0,
  "ImageUrls": [
    "https://s3.puni.sh/media/plugin/54/image-15l1o9gf3yg.png",
    "https://s3.puni.sh/media/plugin/54/image-gc84lu4pdpb.png",
    "https://s3.puni.sh/media/plugin/54/image-vkvtqki3ggh.png",
    "https://s3.puni.sh/media/plugin/54/image-pw9lcsan22.png",
    "https://s3.puni.sh/media/plugin/54/image-5lu04i95hz8.png"
  ],
  "IconUrl": "https://s3.puni.sh/media/plugin/54/icon-15ug2vnr9m1.png",
  "Punchline": "AutoDuty",
  "AcceptsFeedback": true
}